success,cache_line_sz,cache_queue_size,cache_size,cache_hit_latency,cache_bandwidth,cycle,power,area
TRUE,32,128,16384,1,16,67753,60.9159,1063330
TRUE,16,128,131072,2,13,74517,134.173,3154290
TRUE,16,64,131072,4,5,77596,127.383,3131640
TRUE,16,32,32768,1,9,70120,67.5414,1480530
TRUE,32,128,32768,1,16,66497,67.2482,1293630
TRUE,64,64,32768,3,5,68711,63.728,1294760
TRUE,32,128,16384,2,9,69686,59.8771,1116990
TRUE,32,32,65536,3,11,70547,72.7635,1836080
TRUE,32,64,131072,1,13,65732,136.513,3135880
TRUE,16,64,32768,3,5,77345,61.4867,1423610
TRUE,32,64,32768,2,16,68657,66.4,1338930
TRUE,32,64,65536,1,4,65891,77.4037,1826200
TRUE,16,128,32768,2,13,73979,64.414,1468150
TRUE,32,128,32768,3,12,70740,64.3489,1338930
TRUE,64,32,16384,1,12,65274,62.053,1032280
TRUE,64,128,65536,2,8,66711,75.9801,1715800
TRUE,64,128,32768,4,11,71951,61.4539,1294760
TRUE,32,32,65536,2,4,68987,74.2695,1791540
TRUE,16,64,16384,3,12,80605,55.5783,1126790
TRUE,32,128,131072,1,6,66328,136.474,3100460
TRUE,16,128,65536,3,10,76052,72.3204,2056710
TRUE,32,64,65536,3,5,70879,72.1774,1790780
TRUE,32,128,65536,3,9,71413,71.7094,1790780
TRUE,64,128,131072,4,9,72139,122.814,2871060
TRUE,64,32,131072,3,8,69378,125.455,2871060
TRUE,64,64,16384,3,5,70307,58.5898,1042170
TRUE,64,128,65536,3,4,68632,72.9724,1671260
TRUE,16,128,65536,2,4,74058,74.136,2056710
TRUE,16,32,131072,3,12,76037,130.451,3154290
TRUE,64,128,16384,4,6,73275,56.6569,1042170
TRUE,32,128,16384,1,11,68363,60.8598,1116990
TRUE,64,128,16384,2,11,68484,60.1641,1042170
TRUE,64,32,32768,2,4,67065,65.9958,1339300
TRUE,32,64,16384,2,14,69239,60.5822,1117760
TRUE,32,32,16384,2,15,70512,59.6736,1117760
TRUE,64,128,16384,1,15,65860,61.9172,1032280
TRUE,16,128,32768,2,14,75026,63.6773,1468150
TRUE,64,32,16384,1,15,65249,62.4426,1032280
TRUE,16,32,65536,1,12,70830,76.8922,2046830
TRUE,32,32,65536,4,8,73936,69.7482,1791540
TRUE,64,128,16384,4,13,74460,55.9282,1042170
TRUE,32,64,32768,2,9,68947,65.7815,1338170
TRUE,64,128,65536,3,5,68716,72.9158,1671260
TRUE,64,64,16384,3,10,69950,58.8226,1042170
TRUE,32,128,131072,1,15,66183,137.211,3145000
TRUE,32,64,16384,2,4,71448,58.1337,1072450
TRUE,32,32,131072,2,7,68541,131.745,3145760
TRUE,64,64,65536,2,10,66805,75.3396,1671260
TRUE,16,128,16384,1,5,74867,59.0565,1116910
TRUE,64,32,16384,1,14,65225,62.0977,1032280
TRUE,16,64,16384,4,9,82216,54.5406,1104520
TRUE,16,128,131072,2,14,74116,134.682,3154290
TRUE,16,32,16384,3,6,80767,55.5262,1126790
TRUE,64,128,131072,2,16,66790,132.479,2871060
TRUE,32,128,16384,4,7,75516,55.6725,1073220
TRUE,16,32,65536,3,13,76554,71.9584,2056710
TRUE,64,32,32768,3,6,69257,63.3312,1294760
TRUE,32,32,131072,2,11,68976,131.162,3145760
TRUE,32,32,16384,1,9,66600,62.1595,1116990
TRUE,16,64,32768,1,15,70120,67.2498,1458260
TRUE,64,64,65536,2,11,66967,74.4086,1671260
TRUE,32,32,65536,3,10,70728,72.6577,1836080
TRUE,16,128,65536,3,6,76606,71.9166,2056710
TRUE,16,64,16384,3,15,82175,55.0508,1149060
TRUE,32,32,131072,4,10,73846,124.145,3100070
TRUE,16,64,16384,4,13,82872,54.1953,1104520
TRUE,32,128,32768,3,14,70660,63.6677,1293630
TRUE,32,128,32768,1,13,66179,68.074,1338170
TRUE,32,32,32768,4,13,73811,61.7368,1294390
TRUE,64,128,65536,2,13,66766,75.3701,1671260
TRUE,32,128,32768,2,4,69559,65.6876,1338930
TRUE,16,64,131072,4,11,77220,127.975,3131260
TRUE,16,64,131072,2,15,73853,135.178,3154290
TRUE,16,128,131072,1,14,70334,141.05,3144410
TRUE,16,128,32768,3,7,76400,62.6288,1468150
TRUE,32,128,32768,3,15,70377,64.0423,1294390
TRUE,64,64,131072,3,13,69577,125.176,2871060
TRUE,16,64,16384,2,12,77975,57.1937,1126790
TRUE,16,64,32768,1,10,69751,67.5691,1458260
TRUE,64,128,65536,1,14,64062,77.7486,1661370
TRUE,64,128,16384,1,13,65503,62.2395,1032280
TRUE,16,128,131072,3,16,77191,128.786,3154290
TRUE,16,64,32768,4,4,77010,61.884,1445110
TRUE,16,32,65536,2,4,74034,73.6393,2012170
TRUE,16,64,65536,2,4,73766,74.3771,2056710
TRUE,16,128,65536,2,13,73919,74.2595,2056710
TRUE,32,32,16384,1,7,67387,61.0406,1072450
TRUE,16,128,131072,1,10,71261,139.581,3144410
TRUE,32,128,16384,4,4,75890,56.0069,1117760
TRUE,64,128,131072,2,12,66973,132.69,2915600
TRUE,16,64,131072,2,16,73792,135.106,3154290
TRUE,32,64,16384,1,8,67166,61.2045,1072450
TRUE,32,128,131072,1,12,66032,135.352,3091340
TRUE,16,64,32768,3,7,76588,62.5013,1468150
TRUE,32,128,32768,3,10,71445,63.1039,1293630
TRUE,16,128,65536,4,14,77385,70.9584,2033670
TRUE,32,32,65536,1,10,66371,76.3769,1781660
TRUE,64,32,32768,3,4,68700,63.3353,1294760
TRUE,64,64,65536,4,10,72410,69.374,1671260
TRUE,16,128,131072,1,11,70363,140.506,3099870
TRUE,16,64,16384,4,12,83530,53.8541,1104520
TRUE,16,64,16384,1,7,76267,58.2071,1116910
TRUE,16,128,131072,2,15,73859,134.566,3109760
TRUE,16,64,131072,4,15,76535,128.895,3131260
TRUE,16,32,131072,3,8,76604,129.802,3154290
TRUE,16,64,32768,1,4,71537,66.1882,1458260
TRUE,32,128,131072,3,9,70601,125.352,3101220
TRUE,16,128,131072,4,14,76932,128.257,3131260
TRUE,32,128,32768,3,4,71214,63.8584,1338170
TRUE,64,32,131072,1,15,64663,135.881,2861180
TRUE,64,128,32768,3,9,68772,63.6896,1294760
TRUE,32,128,65536,4,14,74183,69.8127,1790390
TRUE,64,128,16384,3,12,69995,58.7888,1042170
TRUE,32,128,32768,3,16,71471,63.8148,1338930
TRUE,16,32,32768,4,9,76329,62.3051,1445110
TRUE,64,128,16384,3,5,69622,59.0613,1042170
TRUE,32,32,65536,3,8,70506,72.7942,1836080
TRUE,32,128,16384,2,10,69873,59.5575,1073220
TRUE,32,64,32768,1,9,66688,67.7781,1329050
TRUE,64,128,131072,2,14,67141,131.846,2871060
TRUE,16,64,131072,1,8,70821,140.297,3144410
TRUE,32,64,16384,3,12,73100,56.9251,1072450
TRUE,32,64,32768,1,15,65822,68.504,1329050
TRUE,64,32,16384,2,7,68666,60.261,1086710
TRUE,64,32,131072,1,13,63800,135.119,2905720
TRUE,32,128,131072,4,8,74287,123.517,3100070
TRUE,64,32,32768,4,10,71819,61.1501,1294760
TRUE,32,32,32768,1,5,65733,68.0348,1284510
TRUE,32,64,65536,4,16,73956,70.3139,1836080
TRUE,32,64,65536,2,13,68782,74.9546,1836080
TRUE,16,128,16384,3,11,80827,55.5396,1126790
TRUE,32,128,32768,2,10,68828,66.2705,1338930
TRUE,16,32,16384,1,16,76851,57.822,1116910
TRUE,16,128,131072,3,15,76419,130.15,3154290
TRUE,16,32,65536,2,5,73751,74.3456,2056710
TRUE,32,64,32768,3,14,71015,63.4257,1293630
TRUE,32,128,131072,1,4,66229,135.679,3135880
TRUE,64,128,16384,1,6,65773,61.9962,1032280
TRUE,64,128,65536,4,5,71365,70.1857,1671260
TRUE,16,32,16384,4,10,82810,53.6772,1059980
TRUE,32,32,131072,3,4,70988,126.953,3100460
TRUE,16,64,65536,1,14,70876,76.2847,2002290
TRUE,32,32,65536,3,16,70812,72.2164,1790780
TRUE,64,64,32768,4,11,71920,61.4757,1294760
TRUE,16,64,32768,2,16,73856,64.4481,1468150
TRUE,32,32,16384,3,10,72260,58.0191,1116990
TRUE,32,32,16384,2,9,69844,60.1475,1117760
TRUE,32,64,65536,3,8,71248,71.867,1790780
TRUE,16,32,65536,2,16,74578,73.164,2012170
TRUE,16,128,65536,2,8,74008,74.1946,2056710
TRUE,16,32,16384,1,14,75874,58.4667,1116910
TRUE,64,32,32768,3,9,68653,63.3691,1294760
TRUE,32,32,131072,2,15,69011,132.317,3145000
TRUE,32,32,131072,4,6,74145,122.258,3145760
TRUE,16,128,16384,4,11,82200,54.0186,1059980
TRUE,64,32,16384,4,11,73415,56.5524,1042170
TRUE,32,32,16384,2,10,70001,60.0322,1117760
TRUE,32,64,131072,4,15,74006,121.886,3101220
TRUE,32,64,16384,3,4,72565,57.2854,1072450
TRUE,64,64,65536,2,14,66915,75.2511,1671260
TRUE,64,32,65536,4,16,71962,70.46,1671260
TRUE,32,32,131072,2,4,68682,131.627,3145760
TRUE,32,64,32768,4,6,73794,61.7225,1294390
TRUE,32,128,65536,2,9,69006,74.7978,1836080
TRUE,32,64,65536,3,15,70659,72.3755,1790780
TRUE,16,128,32768,1,9,70352,66.5036,1413720
TRUE,64,128,65536,2,14,66261,75.6006,1715800
TRUE,64,64,65536,3,12,68599,72.2124,1671260
TRUE,16,128,16384,3,8,82626,54.5478,1126790
TRUE,64,128,131072,1,12,64417,136.401,2861180
TRUE,64,64,32768,1,4,64056,67.7663,1284880
TRUE,16,32,131072,2,16,73710,134.648,3109760
TRUE,64,128,32768,1,12,64000,67.8151,1284880
TRUE,16,64,131072,3,9,76745,129.617,3154290
TRUE,32,64,16384,2,15,70901,58.5145,1072450
TRUE,32,64,65536,4,5,74665,69.2268,1791540
TRUE,32,128,16384,3,5,72872,57.0826,1072450
TRUE,16,128,32768,3,10,75625,63.1257,1468150
TRUE,32,128,131072,1,7,66039,135.766,3135880
TRUE,32,32,32768,1,12,65870,68.3122,1338170
TRUE,16,32,32768,4,10,77927,60.7477,1400570
TRUE,64,128,65536,1,8,64412,77.4171,1661370
TRUE,16,32,131072,4,11,76575,128.95,3131260
TRUE,32,32,16384,4,5,76148,55.1517,1072450
TRUE,16,64,32768,1,16,70100,67.2724,1458260
TRUE,64,64,16384,3,14,69608,58.7752,1042170
TRUE,64,128,16384,2,9,68505,60.7283,1086710
TRUE,32,64,32768,2,12,68644,66.398,1338930
TRUE,16,64,65536,1,12,70781,76.927,2046830
TRUE,16,32,32768,1,7,70223,67.1597,1458260
TRUE,16,32,32768,1,8,70369,67.0912,1458260
TRUE,16,64,131072,2,10,74494,133.615,3109760
TRUE,16,64,131072,4,9,76496,128.415,3087100
TRUE,16,64,65536,3,8,76239,72.207,2056710
TRUE,32,32,16384,4,7,77664,54.2851,1072450
TRUE,32,32,65536,1,16,66216,76.7473,1790780
TRUE,64,128,65536,3,16,69079,72.5984,1671260
TRUE,64,32,65536,3,11,69302,72.4091,1671260
TRUE,16,128,65536,3,4,76045,71.8873,2012170
TRUE,64,32,16384,3,11,70799,57.9419,1042170
TRUE,32,128,65536,3,4,70645,72.3753,1790780
TRUE,64,128,32768,4,6,71834,61.5407,1294760
TRUE,16,128,65536,2,15,73321,74.7367,2056710
TRUE,64,128,65536,1,16,63905,77.919,1661370
TRUE,16,32,65536,3,12,76224,72.2303,2056710
TRUE,16,128,131072,1,5,70331,141.099,3144410
TRUE,32,128,131072,1,5,66470,136.239,3100460
TRUE,64,32,16384,1,11,64900,62.666,1032280
TRUE,16,32,65536,4,8,76985,71.2078,2033670
TRUE,32,128,65536,2,10,69035,74.1941,1791540
TRUE,64,128,131072,4,7,71850,120.51,2871060
TRUE,16,64,16384,4,4,82764,54.2502,1104520
TRUE,64,32,16384,1,16,65241,62.4075,1032280
TRUE,32,32,131072,2,5,68616,132.414,3100460
TRUE,16,32,65536,1,6,70591,77.0523,2046830
TRUE,64,128,32768,1,9,64461,67.4257,1284880
TRUE,16,128,65536,2,9,73955,74.2265,2056710
TRUE,32,128,131072,3,4,70830,125.541,3145760
TRUE,16,32,131072,4,10,78603,125.648,3087100
TRUE,64,32,32768,2,15,67414,65.1777,1294760
TRUE,64,128,131072,2,10,66785,129.553,2871060
TRUE,32,128,65536,3,5,71048,72.0265,1790780
TRUE,16,128,131072,4,7,76345,129.154,3131640
TRUE,32,128,131072,4,6,73807,122.096,3101220
TRUE,32,64,65536,2,9,68805,74.9736,1836080
TRUE,64,64,131072,3,14,68208,127.33,2871060
TRUE,16,128,32768,2,6,73890,64.4578,1468150
TRUE,32,128,131072,1,13,66005,137.615,3145000
TRUE,16,32,32768,4,16,77204,61.7642,1445110
TRUE,16,128,16384,2,16,78299,56.4334,1082250
TRUE,16,128,32768,2,4,74122,64.3211,1468150
TRUE,64,32,16384,3,13,70228,58.6492,1042170
TRUE,32,64,131072,1,9,65889,137.209,3100460
TRUE,16,128,32768,3,12,76383,62.6085,1468150
TRUE,32,128,16384,3,7,71763,57.8023,1072450
TRUE,64,128,16384,2,13,68677,60.5946,1086710
TRUE,16,128,65536,2,6,73807,74.357,2056710
TRUE,64,64,65536,3,14,68907,72.7513,1671260
TRUE,16,32,65536,2,11,74022,74.1698,2056710
TRUE,16,128,32768,2,15,73704,64.5979,1468150
TRUE,32,32,16384,4,14,75971,55.3931,1073220
TRUE,64,64,32768,4,7,71921,61.0803,1294760
TRUE,64,128,131072,3,14,68642,126.64,2871060
TRUE,64,128,32768,4,13,72168,61.3078,1294760
TRUE,32,32,32768,3,13,70559,64.4647,1338930
TRUE,16,32,32768,2,10,73744,64.0435,1423610
TRUE,16,32,65536,3,14,76383,72.0995,2056710
TRUE,16,128,65536,3,7,76698,71.3389,2012170
TRUE,16,128,32768,1,12,70988,66.5561,1458260
TRUE,64,32,32768,1,14,63849,68.492,1329420
TRUE,32,64,32768,1,7,65862,67.7935,1293630
TRUE,64,32,32768,2,10,66967,65.1182,1294760
TRUE,64,32,65536,1,5,64061,77.7496,1661370
TRUE,16,128,16384,1,7,75851,58.3887,1116910
TRUE,32,64,16384,3,11,72809,57.1243,1072450
TRUE,32,64,32768,4,5,74580,61.1038,1293250
TRUE,16,64,16384,2,11,78421,56.9251,1126790
TRUE,64,128,131072,3,13,68769,126.466,2871060
TRUE,64,64,131072,1,8,64113,136.901,2861180
TRUE,64,32,32768,4,4,72060,61.3781,1294760
TRUE,32,32,16384,2,16,70302,59.471,1116990
TRUE,16,128,32768,4,16,76648,62.1108,1445110
TRUE,64,64,131072,2,7,66911,132.296,2871060
TRUE,32,64,32768,1,13,66255,68.0124,1338170
TRUE,32,32,65536,4,6,73959,70.3029,1836080
TRUE,16,64,65536,2,14,73259,74.1861,2012170
TRUE,64,64,32768,1,9,63175,68.0975,1284880
TRUE,16,32,65536,4,9,77173,71.1446,2033670
TRUE,16,128,32768,2,12,73228,64.9179,1468150
TRUE,32,32,65536,1,14,66163,76.6123,1781660
TRUE,64,128,131072,3,16,68827,126.347,2871060
TRUE,32,32,16384,2,13,69850,59.227,1072450
TRUE,16,128,16384,3,6,81974,54.8561,1126790
TRUE,16,32,131072,3,9,76736,129.518,3154290
TRUE,64,64,16384,1,4,65432,62.2715,1032280
TRUE,32,64,32768,4,11,74551,61.7731,1338930
TRUE,64,64,16384,1,9,64807,62.7388,1032280
TRUE,32,128,16384,2,11,70553,59.64,1117760
TRUE,16,64,65536,1,7,70213,77.4116,2046830
TRUE,64,128,32768,1,6,64573,67.3025,1284880
TRUE,32,128,65536,1,8,65732,77.0278,1781660
TRUE,16,128,65536,2,11,75026,72.8294,2012170
TRUE,32,64,131072,4,12,73995,121.897,3101220
TRUE,32,64,131072,2,8,68942,131.146,3145760
TRUE,32,128,65536,2,15,69226,74.5645,1836080
TRUE,32,64,16384,1,12,66851,61.4311,1072450
TRUE,64,64,16384,4,7,73130,56.4529,1042170
TRUE,32,128,32768,2,5,68826,66.266,1338930
TRUE,64,64,32768,4,4,71953,61.4547,1294760
TRUE,16,128,65536,1,14,70354,77.2724,2046830
TRUE,64,128,65536,3,11,68607,73.0023,1671260
TRUE,64,32,32768,3,10,68314,63.6242,1294760
TRUE,32,32,65536,4,9,73619,69.9933,1791540
TRUE,32,32,131072,3,15,70332,127.967,3100460
TRUE,16,64,65536,2,9,73173,74.2789,2012170
TRUE,32,32,16384,1,16,66461,62.3798,1107870
TRUE,32,128,131072,3,10,70679,125.894,3145760
TRUE,64,32,32768,4,13,72017,61.4086,1294760
TRUE,64,128,32768,4,14,71961,61.4471,1294760
TRUE,16,32,16384,1,11,74951,59.0014,1116910
TRUE,64,32,131072,1,14,64630,133.08,2861180
TRUE,64,64,131072,4,9,72203,122.725,2871060
TRUE,32,64,131072,1,12,65718,135.845,3091340
TRUE,32,32,131072,3,16,70365,125.687,3101220
TRUE,32,64,32768,3,8,70347,64.0645,1294390
TRUE,64,64,16384,2,11,68206,60.6062,1086710
TRUE,32,64,131072,1,8,65392,138.814,3145000
TRUE,32,32,32768,4,8,74003,62.1409,1338930
TRUE,16,32,131072,4,16,77097,128.158,3131260
TRUE,64,64,131072,3,7,68932,126.146,2871060
TRUE,64,128,131072,4,6,72713,121.937,2871060
TRUE,16,32,65536,3,10,76378,72.0975,2056710
TRUE,16,64,65536,1,16,70179,77.4543,2046830
TRUE,16,64,65536,3,11,76162,72.3199,2056710
TRUE,64,32,16384,1,13,65593,62.1287,1032280
TRUE,64,64,65536,1,14,64726,77.0804,1661370
TRUE,64,32,32768,4,9,71772,61.1938,1294760
TRUE,16,128,131072,4,10,76659,128.101,3086720
TRUE,16,64,131072,1,9,70270,141.119,3144410
TRUE,64,128,131072,1,8,63806,134.482,2861180
TRUE,16,32,16384,3,11,80858,55.4572,1126790
TRUE,32,32,131072,1,14,66208,136.689,3100460
TRUE,32,128,32768,4,9,74024,62.1495,1338930
TRUE,32,32,16384,1,5,66532,62.3805,1107870
TRUE,16,32,32768,4,5,77135,61.7751,1445110
TRUE,64,128,131072,1,13,64327,136.5,2861180
TRUE,64,64,65536,2,6,66993,75.1674,1671260
TRUE,32,32,65536,4,10,74920,69.8302,1834930
TRUE,32,128,131072,3,11,71061,126.887,3100460
TRUE,64,64,32768,1,10,63805,67.542,1284880
TRUE,16,128,65536,1,11,71001,76.7457,2046830
TRUE,16,32,16384,2,12,79426,55.7988,1082250
TRUE,16,64,65536,3,15,76389,71.5366,2012170
TRUE,64,32,65536,1,13,64217,77.5997,1661370
TRUE,32,64,32768,4,9,74171,62.0431,1338930
TRUE,16,64,16384,2,14,79032,56.0143,1082250
TRUE,64,128,16384,1,8,64836,62.7497,1032280
TRUE,64,32,131072,1,5,64212,136.842,2861180
TRUE,64,64,32768,4,6,72199,61.2839,1294760
TRUE,32,32,32768,3,7,70898,64.2098,1338930
TRUE,64,64,32768,2,11,66290,66.6368,1339300
TRUE,32,128,16384,2,16,70041,60.0128,1117760
TRUE,64,32,131072,1,6,64217,136.708,2861180
TRUE,16,64,131072,4,8,76996,128.271,3131260
TRUE,16,32,16384,4,9,83076,54.6249,1149060
TRUE,64,32,131072,4,7,71742,123.334,2871060
TRUE,64,32,16384,1,9,65628,62.1091,1032280
TRUE,64,128,16384,3,10,70298,58.2983,1042170
TRUE,16,128,131072,2,8,74182,134.034,3109760
TRUE,64,64,32768,4,10,71983,61.4311,1294760
TRUE,64,32,65536,4,12,72360,70.1416,1671260
TRUE,16,32,65536,2,12,74559,73.7733,2056710
TRUE,32,32,65536,1,7,65866,77.1159,1790780
TRUE,64,32,32768,3,15,68961,63.5486,1294760
TRUE,64,32,32768,1,5,63828,67.5223,1284880
TRUE,16,64,65536,1,4,70290,77.4074,2046830
TRUE,16,32,131072,3,7,77900,127.829,3154290
TRUE,16,32,131072,1,13,70192,141.389,3144410
TRUE,32,64,131072,2,4,68829,131.443,3145760
TRUE,64,64,65536,3,7,68781,72.86,1671260
TRUE,64,64,32768,2,5,67123,65.4091,1294760
TRUE,16,32,65536,2,15,73736,73.8559,2012170
TRUE,32,128,32768,2,7,68636,65.8689,1294390
TRUE,16,64,65536,1,11,71380,76.412,2046830
TRUE,32,128,65536,4,13,73891,70.3518,1836080
TRUE,64,32,65536,3,7,68666,72.156,1671260
TRUE,16,64,16384,3,6,81083,55.3882,1126790
TRUE,64,32,131072,4,8,71899,120.44,2871060
TRUE,64,128,131072,4,10,72153,122.789,2871060
TRUE,16,32,65536,1,4,71001,76.7288,2046830
TRUE,64,32,16384,4,15,74283,55.7368,1042170
TRUE,16,64,131072,4,10,77179,127.96,3131260
TRUE,16,32,131072,1,10,70876,139.936,3144410
TRUE,16,128,131072,3,7,76602,129.677,3154290
TRUE,32,128,65536,2,12,68668,75.076,1836080
TRUE,16,64,16384,1,16,78228,56.4432,1072370
TRUE,16,64,32768,4,6,77008,61.9088,1445110
TRUE,16,64,65536,2,5,73523,74.5331,2056710
TRUE,16,64,131072,1,13,70506,140.684,3144410
TRUE,64,128,131072,4,12,72168,122.731,2871060
TRUE,16,128,65536,3,11,75955,72.4363,2056710
TRUE,16,128,131072,3,4,76627,129.847,3154290
TRUE,64,64,32768,1,16,64412,67.454,1284880
TRUE,64,128,32768,1,11,64067,67.7533,1284880
TRUE,32,128,65536,1,5,65909,77.3894,1826200
TRUE,32,128,32768,4,12,74222,61.3288,1293250
TRUE,32,32,131072,3,7,69421,129.38,3100460
TRUE,64,128,32768,1,5,64056,67.7663,1284880
TRUE,16,128,65536,4,5,77025,71.2221,2033670
TRUE,32,32,131072,4,9,74682,122.945,3100070
TRUE,64,64,65536,4,8,71715,70.6599,1671260
TRUE,32,128,32768,4,8,74225,61.345,1293250
TRUE,64,32,16384,3,14,70038,58.469,1042170
TRUE,32,128,65536,1,13,65691,77.8041,1835320
TRUE,16,64,16384,1,8,75477,58.6829,1116910
TRUE,32,64,32768,4,15,73716,62.3248,1338930
TRUE,16,32,16384,3,4,82322,54.7232,1126790
TRUE,64,128,32768,2,16,66565,65.8581,1294760
TRUE,64,32,65536,3,6,68317,72.475,1671260
TRUE,32,64,32768,2,13,68861,66.2471,1338930
TRUE,16,128,32768,4,6,76645,62.1213,1445490
TRUE,16,32,131072,4,9,76440,129.076,3131260
TRUE,16,32,32768,2,14,74673,63.952,1468150
TRUE,64,128,131072,4,11,72190,122.7,2871060
TRUE,16,128,65536,2,7,74157,74.0823,2056710
TRUE,32,32,65536,4,12,74014,70.2668,1836080
TRUE,64,32,32768,1,13,64056,67.7688,1284880
TRUE,64,128,32768,4,16,72156,61.3151,1294760
TRUE,16,128,32768,4,13,76662,62.1124,1445490
TRUE,32,128,32768,3,13,70498,63.9278,1294390
TRUE,64,32,131072,4,4,72652,122.062,2871060
TRUE,16,128,131072,2,9,73841,134.992,3154290
TRUE,16,128,16384,4,9,84549,53.8758,1149060
TRUE,16,128,131072,4,12,77201,128.151,3131260
TRUE,64,32,65536,1,11,64217,77.5861,1661370
TRUE,32,128,32768,2,15,68489,66.5076,1338930
TRUE,16,64,131072,2,12,74005,134.258,3109760
TRUE,32,32,32768,2,11,68706,65.7963,1294390
TRUE,32,128,131072,2,4,68639,131.108,3101220
TRUE,16,64,65536,3,10,76218,72.2453,2056710
TRUE,32,64,32768,3,13,71685,62.9726,1293630
TRUE,16,32,32768,1,6,70270,67.1426,1458260
TRUE,32,128,32768,2,6,68959,65.7739,1338170
TRUE,64,32,32768,1,16,64391,67.601,1329420
TRUE,64,32,32768,2,11,66800,65.8067,1339300
TRUE,64,128,131072,4,16,71873,120.495,2871060
TRUE,32,32,32768,4,7,74003,62.1398,1338930
TRUE,64,128,32768,3,13,68736,63.718,1294760
TRUE,16,128,32768,1,10,71448,65.7076,1413720
TRUE,64,128,131072,1,9,63850,137.388,2861180
TRUE,32,32,16384,3,9,72767,57.1376,1072450
TRUE,64,32,65536,3,9,68883,72.7784,1671260
TRUE,16,64,16384,3,16,82676,53.9982,1082250
TRUE,32,64,131072,3,5,70523,125.975,3145760
TRUE,32,128,65536,4,5,73752,69.913,1791540
TRUE,16,128,32768,2,9,73891,63.8961,1423610
TRUE,32,64,32768,4,4,73942,61.6228,1294390
TRUE,64,32,65536,2,7,66415,74.9099,1671260
TRUE,32,64,131072,3,14,70421,127.783,3100460
TRUE,16,32,131072,4,14,76500,128.949,3131260
TRUE,64,64,32768,1,7,64212,67.6217,1284880
TRUE,32,128,65536,2,13,68657,75.073,1836080
TRUE,32,128,32768,1,8,65900,67.9048,1284510
TRUE,32,64,65536,3,14,70679,72.3546,1790780
TRUE,64,128,32768,2,8,67845,64.852,1294760
TRUE,32,32,32768,1,13,65864,67.9146,1284510
TRUE,64,32,16384,2,8,68653,60.0524,1042170
TRUE,64,32,131072,4,12,71966,123.063,2871060
TRUE,64,64,131072,1,12,64081,136.956,2861180
TRUE,16,64,16384,2,10,77793,57.2629,1126790
TRUE,16,128,131072,1,6,70849,140.049,3144410
TRUE,32,64,16384,3,13,72966,57.2048,1073220
TRUE,64,128,32768,2,9,66772,65.2717,1294760
TRUE,32,128,32768,1,5,65862,68.3387,1338170
TRUE,16,128,16384,2,10,78425,56.3258,1082250
TRUE,32,128,65536,1,16,66548,76.4327,1790780
TRUE,64,128,65536,1,13,63814,77.167,1661370
TRUE,16,64,65536,4,9,77707,70.2071,1989520
TRUE,64,32,131072,2,11,67474,131.301,2871060
TRUE,16,32,32768,3,16,76054,62.2975,1423610
TRUE,32,128,65536,3,14,71043,72.0388,1790780
TRUE,16,32,131072,2,12,73505,135.627,3154290
TRUE,16,64,65536,1,15,70774,76.9441,2046830
TRUE,32,128,16384,3,4,71963,57.8561,1073220
TRUE,32,64,131072,3,4,70851,127.224,3100460
TRUE,32,64,16384,4,10,77571,54.3169,1072450
TRUE,16,128,16384,2,4,78413,56.8869,1126790
TRUE,64,64,65536,4,9,71831,69.8331,1671260
TRUE,32,64,65536,1,6,65929,76.8294,1781660
TRUE,32,64,16384,1,15,68461,60.8094,1116990
TRUE,32,64,131072,4,9,74294,121.432,3101220
TRUE,16,128,131072,3,9,76208,130.234,3154290
TRUE,32,64,32768,2,6,68819,66.2842,1338930
TRUE,16,64,65536,4,16,77166,70.6187,1989140
TRUE,32,64,32768,1,5,66166,68.0992,1338170
TRUE,64,32,131072,2,5,66742,132.571,2871060
TRUE,16,128,16384,3,5,81887,54.3749,1082250
TRUE,64,32,16384,4,8,73639,56.1407,1042170
TRUE,16,64,16384,1,14,75563,58.6249,1116910
TRUE,16,128,131072,3,6,76041,129.953,3109760
TRUE,32,128,65536,1,9,66070,77.1869,1826200
TRUE,16,64,32768,1,6,70010,67.317,1458260
TRUE,64,32,131072,2,16,66863,132.339,2871060
TRUE,32,32,32768,2,4,68194,66.2046,1294390
TRUE,64,128,65536,1,5,63338,77.6472,1661370
TRUE,32,32,32768,1,16,65888,68.4484,1329050
TRUE,16,128,65536,4,8,76958,71.2673,2034060
TRUE,64,64,131072,4,13,72023,122.932,2871060
TRUE,16,32,65536,4,10,77564,70.8446,2033670
TRUE,64,64,131072,3,16,68724,126.543,2871060
TRUE,16,128,32768,4,14,77315,61.6574,1445110
TRUE,64,128,32768,3,16,69100,63.4492,1294760
TRUE,16,32,16384,3,14,80782,55.2245,1104520
TRUE,64,32,16384,2,13,68856,59.8847,1042170
TRUE,16,64,131072,3,13,76615,129.435,3132020
TRUE,64,64,16384,2,12,68104,60.119,1042170
TRUE,64,128,16384,3,6,70411,58.5175,1042170
TRUE,16,64,65536,3,9,76389,72.1251,2056710
TRUE,16,32,16384,2,16,78416,56.9743,1126790
TRUE,32,128,32768,3,5,70363,64.6064,1338930
TRUE,16,128,16384,4,15,82431,54.4071,1104520
TRUE,16,128,131072,3,11,76028,130.465,3154290
TRUE,64,128,131072,3,10,68610,126.655,2871060
TRUE,16,32,16384,4,16,82776,53.6635,1059980
TRUE,64,64,65536,3,9,68414,72.3711,1671260
TRUE,64,128,32768,1,14,64512,67.3826,1284880
TRUE,32,64,65536,4,10,74049,69.7058,1791540
TRUE,16,32,65536,2,6,73840,74.3353,2056710
TRUE,16,32,65536,4,12,76638,71.5552,2033670
TRUE,32,32,65536,3,15,71227,71.9179,1790780
TRUE,32,64,131072,3,9,71083,124.756,3101220
TRUE,32,128,131072,3,15,70386,125.634,3101220
TRUE,16,128,131072,2,4,74504,133.621,3109760
TRUE,32,128,32768,4,4,74593,61.7531,1338930
TRUE,16,64,131072,4,13,77171,128.062,3131260
TRUE,32,32,131072,3,13,70724,127.354,3100460
TRUE,16,64,65536,2,11,73829,74.3481,2056710
TRUE,64,128,32768,1,8,63644,68.2514,1329420
TRUE,32,32,65536,2,16,68880,74.8737,1836080
TRUE,16,64,32768,4,7,76771,61.5002,1400950
TRUE,16,64,65536,1,9,70966,76.7304,2046830
TRUE,16,128,65536,4,6,77750,70.1758,1989140
TRUE,32,64,32768,1,14,66260,68.1359,1329050
TRUE,64,128,32768,2,12,67356,65.2402,1294760
TRUE,32,64,131072,3,11,70862,127.286,3100460
TRUE,32,32,16384,4,16,75637,56.1673,1117760
TRUE,16,64,32768,1,9,71461,66.2246,1458260
TRUE,64,128,32768,2,13,67083,65.9986,1339300
TRUE,32,128,16384,4,6,76865,54.7296,1072450
TRUE,32,64,65536,1,14,65717,77.0549,1781660
TRUE,64,32,131072,1,4,64422,136.389,2861180
TRUE,16,128,32768,2,16,73265,64.324,1423610
TRUE,64,64,32768,1,12,64412,67.4514,1284880
TRUE,32,64,32768,1,11,66327,67.534,1284510
TRUE,64,64,65536,3,4,68848,72.8025,1671260
TRUE,64,64,16384,4,16,73677,56.4218,1042170
TRUE,16,64,16384,1,13,77997,56.6477,1072370
TRUE,16,32,65536,2,7,73772,74.3505,2056710
TRUE,32,64,32768,1,10,66142,67.5542,1293630
TRUE,32,32,16384,4,10,76847,54.7489,1072450
TRUE,16,128,32768,4,12,77764,61.4299,1445110
TRUE,32,128,65536,4,4,74371,69.6869,1790390
TRUE,64,64,131072,3,4,68638,126.65,2871060
TRUE,16,32,16384,4,14,82368,54.4437,1104520
TRUE,32,32,16384,2,11,70933,58.8315,1073220
TRUE,64,64,32768,2,6,67397,64.7699,1294760
TRUE,16,32,16384,3,13,80605,55.5783,1126790
TRUE,32,128,65536,2,8,68541,75.1637,1836080
TRUE,16,128,32768,3,13,75974,62.8971,1468150
TRUE,64,64,131072,4,6,72243,122.663,2871060
TRUE,64,64,131072,4,16,71425,121.122,2871060
TRUE,16,128,65536,2,12,73881,73.7689,2012170
TRUE,32,64,16384,2,8,69631,60.2809,1117760
TRUE,16,128,32768,1,5,71655,66.0819,1458260
TRUE,32,32,16384,1,10,67784,61.4023,1107870
TRUE,16,128,16384,3,12,81531,55.1284,1126790
TRUE,32,32,16384,1,8,67776,60.9206,1063330
TRUE,16,128,16384,2,7,77966,56.6328,1082250
TRUE,64,64,65536,1,12,64270,77.5401,1661370
TRUE,16,128,65536,3,14,77352,71.4191,2056710
TRUE,64,128,16384,2,5,68627,60.0711,1042170
TRUE,16,32,131072,2,5,73869,135.016,3154290
TRUE,16,128,131072,2,16,73563,135.502,3154290
TRUE,32,128,65536,4,7,74063,69.9274,1790390
TRUE,32,64,16384,1,11,67086,61.9679,1107870
TRUE,64,64,16384,2,13,68677,60.5946,1086710
TRUE,16,64,131072,2,7,73673,134.694,3109760
TRUE,32,128,16384,3,11,72324,57.6447,1073220
TRUE,32,64,16384,1,9,67585,60.8908,1072450
TRUE,64,64,65536,3,10,68794,72.853,1671260
TRUE,32,64,131072,3,16,70521,127.742,3100460
TRUE,32,32,65536,3,9,70647,72.386,1790780
TRUE,32,32,65536,2,5,68669,74.5176,1791540
TRUE,64,64,32768,2,15,67240,65.3184,1294760
TRUE,64,128,131072,3,4,68716,123.628,2871060
TRUE,64,32,32768,4,7,71498,61.3733,1294760
TRUE,32,128,32768,4,14,74802,61.5144,1337790
TRUE,16,64,65536,2,10,74819,73.0032,2012170
TRUE,16,64,131072,3,16,76948,129.322,3154290
TRUE,32,64,131072,4,13,74277,123.492,3100070
TRUE,64,32,65536,1,4,65025,76.8145,1661370
TRUE,64,32,32768,4,5,72145,61.3198,1294760
TRUE,32,64,32768,2,14,68847,66.2473,1338930
TRUE,64,64,131072,1,5,64256,136.703,2861180
TRUE,16,64,16384,2,7,78869,56.1346,1082250
TRUE,16,128,131072,2,6,73571,135.295,3154290
TRUE,32,32,131072,1,7,65714,138.047,3145000
TRUE,64,128,65536,1,4,63696,78.1403,1661370
TRUE,32,64,32768,4,16,74883,60.9083,1293250
TRUE,16,128,32768,2,8,73954,64.4306,1468150
TRUE,16,32,65536,4,14,76650,70.9646,1989140
TRUE,32,32,65536,2,14,68653,75.0821,1836080
TRUE,16,32,131072,4,7,77371,127.244,3086720
TRUE,16,64,32768,3,15,76761,62.3953,1468150
TRUE,32,128,32768,4,10,73969,62.181,1338930
TRUE,64,128,131072,2,15,66795,129.54,2871060
TRUE,16,32,65536,4,7,76580,71.5462,2033670
TRUE,64,32,131072,4,6,72722,121.924,2871060
TRUE,32,32,131072,1,15,65884,136.069,3135880
TRUE,64,32,131072,2,7,67050,132.02,2871060
TRUE,16,64,16384,3,11,80971,55.7379,1149060
TRUE,16,64,131072,1,15,70776,140.265,3144410
TRUE,16,32,131072,2,7,73984,134.94,3154290
TRUE,32,128,131072,3,8,70799,127.359,3100460
TRUE,64,32,65536,3,8,68666,72.156,1671260
TRUE,64,128,65536,4,11,72150,70.3255,1671260
TRUE,16,64,32768,1,8,70697,66.827,1458260
TRUE,16,64,32768,3,4,76376,62.0911,1423610
TRUE,64,32,131072,4,15,72169,122.713,2871060
TRUE,16,64,16384,3,10,80177,55.8419,1126790
TRUE,64,64,16384,1,12,66436,61.9629,1076820
TRUE,64,128,131072,1,4,64086,136.947,2861180
TRUE,32,64,16384,4,9,74949,56.5741,1117760
TRUE,64,128,131072,4,4,72064,122.924,2871060
TRUE,64,128,32768,2,4,66805,65.6705,1294760
TRUE,32,32,131072,4,11,74632,123.562,3144610
TRUE,32,64,65536,1,9,65905,77.3992,1826200
TRUE,32,32,16384,3,7,71585,58.1149,1073220
TRUE,16,32,16384,2,9,81453,55.2025,1126790
TRUE,32,32,16384,3,13,72299,57.9903,1116990
TRUE,64,64,16384,2,8,68518,60.1307,1042170
TRUE,32,128,16384,2,12,70264,59.8486,1117760
TRUE,64,64,32768,3,13,68727,63.7219,1294760
TRUE,16,32,16384,2,8,78884,56.6404,1126790
TRUE,16,32,32768,1,10,70881,66.1397,1413720
TRUE,16,128,32768,4,10,76761,62.0572,1445490
TRUE,32,64,32768,1,6,65897,68.4271,1329050
TRUE,64,64,131072,3,11,68710,126.463,2871060
TRUE,64,128,65536,1,10,64170,77.6326,1661370
TRUE,32,128,65536,3,8,70528,72.4777,1790780
TRUE,32,64,131072,4,6,74603,123.605,3144610
TRUE,64,32,32768,1,15,64218,67.614,1284880
TRUE,64,32,131072,1,8,63901,137.293,2861180
TRUE,16,32,131072,3,4,76767,129.479,3154290
TRUE,64,128,32768,3,4,68597,63.8173,1294760
TRUE,16,64,131072,3,10,76400,129.809,3132020
TRUE,64,128,65536,1,15,64646,77.1726,1661370
TRUE,32,128,16384,4,13,76801,54.7703,1072450
TRUE,16,64,131072,1,6,70797,140.068,3144410
TRUE,64,32,32768,3,5,68409,63.9685,1294760
TRUE,32,32,65536,2,9,68653,74.5173,1791540
TRUE,32,32,131072,4,5,74698,123.455,3144610
TRUE,64,32,131072,1,9,64061,136.994,2861180
TRUE,16,128,16384,2,6,79558,56.2467,1126790
TRUE,32,64,65536,1,13,66208,77.3132,1835320
TRUE,16,128,131072,1,12,70819,140.143,3144410
TRUE,16,32,65536,3,15,76628,71.9092,2056710
TRUE,64,64,16384,4,13,73824,56.3043,1042170
TRUE,64,64,32768,1,5,64665,67.2371,1284880
TRUE,16,64,16384,1,11,76195,58.1979,1116910
TRUE,16,128,32768,3,4,75752,62.4863,1423610
TRUE,64,64,131072,2,13,67261,131.646,2871060
TRUE,16,64,16384,3,5,80693,55.5507,1126790
TRUE,64,64,131072,3,8,68692,126.571,2871060
TRUE,32,128,16384,1,5,67064,61.9561,1107870
TRUE,64,32,131072,3,4,69163,125.775,2871060
TRUE,16,32,16384,1,4,75571,58.5676,1116910
TRUE,32,32,16384,3,12,72184,57.7239,1073220
TRUE,16,64,32768,4,13,77728,61.4465,1445110
TRUE,64,64,131072,1,7,64508,136.77,2905720
TRUE,64,32,65536,4,11,71894,70.517,1671260
TRUE,16,32,16384,4,6,84825,53.2219,1104520
TRUE,16,64,131072,3,12,76224,130.403,3154290
TRUE,16,128,16384,1,12,75125,58.874,1116910
TRUE,64,64,32768,2,16,67102,65.4322,1294760
TRUE,64,64,65536,1,13,64257,77.56,1661370
TRUE,64,32,16384,2,11,67652,60.763,1042170
TRUE,32,32,32768,3,9,71389,63.7344,1338170
TRUE,32,32,65536,2,6,68838,74.3029,1790780
TRUE,64,128,32768,3,10,68508,63.891,1294760
TRUE,64,64,65536,2,4,66944,75.7661,1715800
TRUE,64,64,131072,4,8,72435,119.669,2871060
TRUE,32,32,16384,4,6,76647,54.8559,1072450
TRUE,16,32,131072,2,11,75177,132.553,3109760
TRUE,64,32,32768,2,9,67228,65.3331,1294760
TRUE,32,32,16384,2,8,70273,59.2954,1073220
TRUE,32,64,131072,4,5,74266,123.525,3100070
TRUE,64,32,16384,2,5,68504,60.1621,1042170
TRUE,32,32,65536,2,11,68764,74.8988,1835320
TRUE,32,32,131072,2,12,68657,132.28,3100460
TRUE,64,64,131072,1,6,64648,136.473,2905720
TRUE,32,64,131072,4,14,73987,121.931,3101220
TRUE,64,32,65536,2,10,66967,74.3999,1671260
TRUE,64,32,131072,4,13,71648,123.535,2871060
TRUE,64,64,16384,4,4,74035,55.8751,1042170
TRUE,16,64,32768,3,11,76580,62.5015,1468150
TRUE,16,32,131072,1,14,71452,139.217,3144410
TRUE,16,32,32768,2,15,73465,64.7635,1468150
TRUE,32,128,131072,3,5,71074,124.681,3101220
TRUE,32,32,32768,2,16,68637,66.0153,1338170
TRUE,32,64,32768,4,10,74562,61.6698,1337790
TRUE,16,32,131072,2,14,74216,134.56,3154290
TRUE,32,32,32768,3,16,70708,63.826,1294390
TRUE,32,64,65536,1,7,65701,77.7718,1835320
TRUE,16,128,65536,3,5,76395,72.1269,2056710
TRUE,16,64,65536,3,13,76950,71.6541,2056710
TRUE,32,64,131072,2,7,68852,131.322,3145760
TRUE,64,32,65536,4,6,72061,70.3803,1671260
TRUE,32,32,65536,1,15,65695,77.7738,1835320
TRUE,64,64,131072,3,12,68724,126.465,2871060
TRUE,16,64,32768,1,5,69626,67.6324,1458260
TRUE,64,64,131072,1,9,64366,136.526,2861180
TRUE,32,32,32768,2,15,69199,65.0307,1293630
TRUE,32,32,131072,3,14,70683,125.302,3101220
TRUE,64,64,16384,3,7,70414,58.5087,1042170
TRUE,64,32,131072,3,9,68596,126.684,2871060
TRUE,32,128,131072,2,16,68620,131.693,3145760
TRUE,64,128,65536,2,15,66718,75.4121,1671260
TRUE,16,128,16384,1,4,74939,58.9903,1116910
TRUE,16,128,32768,4,4,77907,61.3201,1445110
TRUE,16,64,32768,1,14,70444,67.0356,1458260
TRUE,64,64,65536,1,6,64000,77.8271,1661370
TRUE,16,128,131072,1,8,71192,139.473,3144410
TRUE,64,64,65536,3,16,68104,73.4382,1671260
TRUE,64,128,16384,2,14,67850,60.6026,1042170
TRUE,64,32,32768,1,6,64212,67.625,1284880
TRUE,64,32,131072,3,16,68781,126.376,2871060
TRUE,32,128,131072,3,7,70671,125.802,3145760
TRUE,16,64,65536,1,8,70528,77.0927,2046830
TRUE,32,64,16384,4,14,76442,55.1353,1073220
TRUE,16,32,65536,4,11,76642,71.5166,2034060
TRUE,64,32,16384,1,8,64804,62.7717,1032280
TRUE,64,32,16384,1,5,64747,62.4861,1032280
TRUE,64,64,16384,3,15,70958,58.1275,1042170
TRUE,16,128,65536,1,6,71192,76.5292,2046830
TRUE,64,128,131072,1,11,63800,134.55,2861180
TRUE,64,32,131072,2,8,66886,132.839,2915600
TRUE,16,128,32768,3,8,77156,61.5352,1423610
TRUE,16,32,131072,3,13,76396,130.17,3154290
TRUE,64,32,32768,2,12,66875,65.1961,1294760
TRUE,16,128,32768,1,13,70559,66.3394,1413720
TRUE,16,32,32768,3,13,77105,61.6157,1423610
TRUE,16,128,65536,3,9,76342,72.184,2056710
TRUE,64,64,32768,3,11,68402,63.9674,1294760
TRUE,16,64,65536,3,7,76210,72.2183,2056710
TRUE,32,32,32768,2,13,69677,65.5983,1338930
TRUE,64,128,16384,1,5,65667,62.0849,1032280
TRUE,64,32,131072,3,13,68549,126.78,2871060
TRUE,32,64,16384,3,6,72137,57.7429,1073220
TRUE,64,64,16384,2,7,68559,60.0927,1042170
TRUE,64,128,131072,1,7,64057,136.979,2861180
TRUE,32,64,32768,2,8,68820,65.8899,1338170
TRUE,32,32,65536,4,14,74003,70.2669,1836080
TRUE,32,128,65536,1,12,66060,76.7164,1781660
TRUE,64,32,131072,4,16,71847,120.514,2871060
TRUE,32,32,65536,4,13,74582,69.5369,1790390
TRUE,64,32,16384,4,14,72901,56.8911,1042170
TRUE,16,32,16384,1,12,75876,57.8794,1072370
TRUE,32,32,16384,4,4,75383,55.7683,1073220
TRUE,16,32,32768,1,15,70958,66.6224,1458260
TRUE,16,32,32768,1,12,70336,67.0752,1458260
TRUE,64,32,65536,3,12,69085,72.5933,1671260
TRUE,16,128,131072,1,7,69871,141.295,3099870
TRUE,64,32,16384,4,7,74303,55.7325,1042170
TRUE,64,32,131072,1,10,64218,136.742,2861180
TRUE,32,32,16384,2,14,70054,59.0632,1072450
TRUE,32,64,65536,1,10,66979,76.6105,1835320
TRUE,32,32,131072,3,6,70934,125.449,3145760
TRUE,32,32,131072,1,4,65984,137.107,3100460
TRUE,64,64,65536,4,5,72132,70.3384,1671260
TRUE,32,128,16384,2,7,71822,58.7961,1117760
TRUE,16,64,32768,2,15,73740,64.5704,1468150
TRUE,64,32,32768,1,10,64825,67.0913,1284880
TRUE,64,64,16384,3,4,70116,58.7199,1042170
TRUE,16,64,131072,2,4,73452,135.674,3154290
TRUE,64,128,131072,3,12,68724,126.485,2871060
TRUE,32,128,65536,2,16,68811,74.935,1836080
TRUE,32,64,65536,3,7,70495,72.7976,1836080
TRUE,32,64,16384,1,10,67047,61.8342,1116990
TRUE,16,32,16384,3,9,81280,55.2746,1126790
TRUE,32,128,131072,2,12,68650,131.025,3101220
TRUE,32,64,131072,3,15,71153,126.801,3100460
TRUE,16,32,65536,1,13,70881,76.8216,2046830
TRUE,16,128,65536,3,15,76788,71.7664,2056710
TRUE,16,32,16384,2,4,79642,56.2212,1126790
TRUE,64,32,65536,2,15,66785,75.1174,1715800
TRUE,32,128,16384,3,8,72663,57.2188,1072450
TRUE,32,128,16384,2,13,69598,60.3141,1117760
TRUE,16,32,65536,4,13,77031,70.6573,1989140
TRUE,16,64,16384,4,7,83908,54.2141,1149060
TRUE,16,64,131072,3,11,76378,129.399,3109760
TRUE,64,64,32768,4,5,72696,60.9458,1294760
TRUE,16,32,16384,4,4,84136,53.5134,1104520
TRUE,64,64,65536,1,11,64218,77.5935,1661370
TRUE,32,32,65536,3,13,70647,72.1576,1791540
TRUE,64,32,65536,2,11,66966,74.9519,1715800
TRUE,16,32,65536,1,15,70376,77.2872,2046830
TRUE,64,128,65536,3,13,68559,73.0452,1671260
TRUE,16,128,32768,1,14,70698,66.7785,1458260
TRUE,32,32,65536,2,12,69353,74.3881,1835320
TRUE,32,128,131072,2,5,68704,131.425,3145760
TRUE,32,32,16384,2,7,70497,59.1422,1073220
TRUE,32,128,32768,3,6,70666,64.3916,1338930
TRUE,16,64,32768,4,14,77358,61.6584,1445110
TRUE,16,128,16384,4,16,82071,54.5892,1104520
TRUE,32,128,65536,2,11,68701,75.0578,1836080
TRUE,16,32,32768,1,11,70703,66.7878,1458260
TRUE,64,32,131072,2,14,66705,129.687,2871060
TRUE,16,32,65536,3,8,76755,71.2688,2012170
TRUE,16,64,32768,2,10,73533,64.7033,1468150
TRUE,64,64,131072,2,15,67527,128.352,2871060
TRUE,16,32,16384,1,6,74783,59.0998,1116910
TRUE,64,32,32768,3,13,68727,63.7287,1294760
TRUE,32,128,65536,3,16,71520,71.6599,1790780
TRUE,32,32,131072,4,4,74330,121.914,3145760
TRUE,32,32,16384,1,12,67301,61.2481,1063330
TRUE,16,128,16384,2,8,77124,57.6916,1126790
TRUE,64,128,16384,2,6,68375,60.2516,1042170
TRUE,32,64,65536,4,8,73971,69.765,1791540
TRUE,64,128,32768,4,5,71852,61.1298,1294760
TRUE,16,32,32768,1,5,70444,67.0117,1458260
TRUE,32,128,32768,2,11,68625,65.8685,1294390
TRUE,16,64,32768,2,12,73473,64.7189,1468150
TRUE,64,64,16384,3,8,69706,58.9673,1042170
TRUE,32,128,65536,2,5,68820,74.8753,1835320
TRUE,16,32,131072,4,13,76447,129.094,3131260
TRUE,64,128,131072,4,8,72184,122.697,2871060
TRUE,32,128,65536,4,10,73927,69.785,1791540
TRUE,16,32,32768,4,7,77123,61.2738,1400570
TRUE,16,128,65536,1,7,70383,77.2795,2046830
TRUE,16,32,16384,2,10,79291,55.8677,1082250
TRUE,64,64,131072,1,14,64368,136.406,2861180
TRUE,64,128,16384,4,7,73227,56.6792,1042170
TRUE,16,32,16384,3,12,81347,55.2034,1126790
TRUE,32,32,65536,1,8,66551,76.811,1826200
TRUE,32,32,32768,2,5,69372,65.4569,1338170
TRUE,32,32,32768,2,12,69328,65.4929,1338170
TRUE,32,32,32768,1,11,66351,68.0818,1329050
TRUE,32,32,65536,3,7,70777,72.262,1790780
TRUE,64,32,131072,3,12,68597,126.682,2871060
TRUE,16,32,65536,4,5,77325,70.4313,1989520
TRUE,16,64,16384,1,9,75839,58.4316,1116910
TRUE,32,64,65536,3,11,71400,71.5445,1791540
TRUE,32,32,131072,2,6,68805,132.589,3145000
TRUE,16,64,131072,1,7,70156,141.347,3144410
TRUE,16,128,16384,1,6,75451,58.1656,1072370
TRUE,32,32,131072,3,11,71423,124.784,3145760
TRUE,16,64,32768,4,15,76947,61.951,1445490
TRUE,64,128,16384,1,16,66273,61.5934,1032280
TRUE,16,128,65536,4,15,77752,70.1512,1989140
TRUE,32,64,16384,1,13,67659,61.4957,1107870
TRUE,32,64,65536,4,6,74464,69.9594,1836080
TRUE,16,64,131072,3,6,76037,130.505,3154290
TRUE,32,32,65536,2,8,68826,74.3641,1791540
TRUE,32,32,32768,4,5,74000,62.1499,1338930
TRUE,32,128,65536,1,4,65907,77.3753,1826200
TRUE,16,128,16384,1,10,74777,59.1661,1116910
TRUE,64,128,65536,3,10,68765,72.8737,1671260
TRUE,64,32,65536,4,5,72097,70.3656,1671260
TRUE,64,128,65536,1,6,64356,77.4708,1661370
TRUE,64,64,65536,2,15,66946,75.7643,1715800
TRUE,64,32,131072,2,9,66744,132.585,2871060
TRUE,64,32,32768,3,12,68760,63.6968,1294760
TRUE,16,64,32768,3,6,76135,62.2506,1423610
TRUE,64,64,65536,2,5,67070,75.6507,1715800
TRUE,64,64,16384,3,16,69556,58.7979,1042170
TRUE,64,128,131072,4,5,71884,123.135,2871060
TRUE,64,64,16384,1,13,65606,61.7822,1032280
TRUE,64,128,131072,1,5,64275,136.628,2861180
TRUE,32,32,65536,4,5,74362,69.4473,1791540
TRUE,16,128,16384,1,14,75731,58.5308,1116910
TRUE,32,64,65536,4,11,74780,69.4021,1790390
TRUE,32,32,131072,1,5,65832,137.979,3145000
TRUE,16,128,16384,1,9,75945,58.4093,1116910
TRUE,64,32,16384,2,9,68938,59.8334,1042170
TRUE,32,32,16384,4,12,76965,54.6686,1072450
TRUE,32,128,32768,3,9,71087,63.3623,1293630
TRUE,64,64,32768,4,8,72048,61.3924,1294760
TRUE,64,32,65536,3,16,68847,72.8066,1671260
TRUE,32,128,16384,2,15,70492,58.7857,1072450
TRUE,16,128,32768,1,6,70310,67.0939,1458260
TRUE,16,128,131072,3,14,75810,130.795,3154290
TRUE,32,64,131072,2,10,68633,132.861,3145000
TRUE,16,128,16384,2,15,79010,56.5585,1126790
TRUE,64,32,65536,1,10,63805,77.2048,1661370
TRUE,64,32,131072,1,16,63644,134.738,2861180
TRUE,64,128,16384,2,4,68492,60.1568,1042170
TRUE,16,128,16384,4,13,82903,54.1223,1104520
TRUE,64,128,131072,2,8,67687,130.925,2871060
TRUE,64,32,32768,2,5,67099,65.4374,1294760
TRUE,64,64,32768,4,9,72169,61.302,1294760
TRUE,64,128,131072,4,13,71996,122.997,2871060
TRUE,16,32,32768,4,12,77173,61.2482,1400570
TRUE,32,64,32768,2,15,68314,65.7233,1293630
TRUE,16,64,16384,4,8,81539,54.8888,1104520
TRUE,64,128,65536,4,12,72169,70.3114,1671260
TRUE,64,64,65536,3,13,68774,72.8599,1671260
TRUE,64,128,65536,3,15,68526,73.0786,1671260
TRUE,32,32,65536,2,7,68973,74.7379,1835320
TRUE,32,64,65536,2,6,68512,75.197,1836080
TRUE,64,128,131072,2,5,66721,133.111,2915600
TRUE,16,64,131072,3,7,76371,130.188,3154290
TRUE,32,32,32768,4,4,74171,61.4755,1294390
TRUE,32,32,32768,1,4,65576,68.7138,1329050
TRUE,64,32,65536,2,8,67522,73.8865,1671260
TRUE,32,128,65536,4,11,74129,70.1971,1836080
TRUE,16,128,32768,1,7,69746,67.5466,1458260
TRUE,16,64,16384,1,6,75532,58.6565,1116910
TRUE,64,64,16384,2,9,68483,59.8491,1042170
TRUE,16,64,32768,1,11,71906,65.8638,1458260
TRUE,16,64,32768,1,13,70384,67.0519,1458260
TRUE,64,32,131072,3,5,68927,126.154,2871060
TRUE,16,64,32768,2,7,74470,64.0319,1468150
TRUE,64,32,65536,1,16,63730,78.0885,1661370
TRUE,64,32,16384,3,16,70222,58.651,1042170
TRUE,32,32,32768,2,9,68880,66.2119,1338930
TRUE,16,64,131072,4,12,77364,127.39,3086720
TRUE,16,32,131072,3,14,76060,130.454,3154290
TRUE,32,128,16384,2,14,69777,59.8346,1116990
TRUE,32,32,65536,1,11,66190,76.7688,1790780
TRUE,16,32,65536,1,16,70847,76.8839,2046830
TRUE,32,32,32768,2,6,68830,66.2648,1338930
TRUE,16,64,131072,3,15,75621,131.161,3154290
TRUE,64,128,32768,1,4,64417,67.4563,1284880
TRUE,64,32,32768,4,12,72021,61.409,1294760
TRUE,32,128,131072,4,4,74314,121.404,3101220
TRUE,16,128,131072,4,11,77173,128.058,3131260
TRUE,32,64,32768,2,10,68984,65.7761,1338170
TRUE,32,64,65536,3,4,70918,72.4592,1836080
TRUE,64,128,16384,4,8,73741,56.3508,1042170
TRUE,16,128,65536,2,5,73809,74.3463,2056710
TRUE,32,128,32768,4,16,73762,62.2794,1338930
TRUE,32,128,131072,1,8,65540,138.427,3145000
TRUE,16,64,131072,2,14,73304,135.189,3109760
TRUE,64,128,32768,2,7,67071,66.0155,1339300
TRUE,32,64,16384,4,5,76152,55.1404,1072450
TRUE,16,32,131072,3,16,76989,129.169,3154290
TRUE,64,32,65536,1,8,64067,77.7509,1661370
TRUE,32,32,65536,4,4,74760,69.9484,1834930
TRUE,64,32,131072,2,10,67294,131.619,2871060
TRUE,64,32,32768,1,7,64270,67.5726,1284880
TRUE,64,32,65536,2,13,66857,75.3119,1671260
TRUE,16,64,65536,4,4,78586,70.0914,2033670
TRUE,16,32,65536,1,14,70265,77.3512,2046830
TRUE,16,64,65536,4,5,76572,71.5754,2033670
TRUE,32,128,32768,4,5,74639,61.0717,1293250
TRUE,32,32,32768,2,14,69179,65.9947,1338930
TRUE,64,64,16384,3,12,70220,58.3391,1042170
TRUE,64,64,65536,2,9,66246,75.8695,1671260
TRUE,32,64,65536,2,10,68818,74.9608,1836080
TRUE,64,128,65536,3,14,68632,72.9709,1671260
TRUE,32,64,65536,4,14,74003,70.2815,1836080
TRUE,32,64,131072,1,14,66226,135.582,3135880
TRUE,64,128,65536,4,4,72209,70.2653,1671260
TRUE,32,128,16384,1,14,68337,61.0187,1107870
TRUE,32,64,131072,1,15,66348,136.48,3100460
TRUE,64,32,65536,4,15,72504,70.0354,1671260
TRUE,32,128,65536,3,10,70855,72.1979,1790780
TRUE,64,64,16384,3,13,70321,58.5792,1042170
TRUE,64,64,32768,2,12,67154,65.3715,1294760
TRUE,32,128,16384,3,14,73058,57.5073,1116990
TRUE,32,128,131072,2,10,68541,131.789,3145760
TRUE,32,128,131072,4,15,74463,121.779,3145760
TRUE,32,64,131072,2,6,68790,131.456,3145760
TRUE,16,64,131072,1,14,70812,140.11,3144410
TRUE,32,32,16384,2,5,70150,59.0105,1072450
TRUE,32,128,65536,1,7,65864,77.4723,1826200
TRUE,16,128,16384,2,5,78466,56.8638,1126790
TRUE,16,32,131072,1,15,70046,140.894,3099870
TRUE,64,32,16384,2,16,69021,59.997,1086710
TRUE,16,64,32768,2,9,73882,63.9501,1423610
TRUE,64,32,16384,3,9,70279,58.6067,1042170
TRUE,64,32,65536,4,9,72713,69.8853,1671260
TRUE,16,128,65536,1,15,70832,76.8446,2046830
TRUE,64,32,32768,3,16,68515,63.8857,1294760
TRUE,16,32,32768,1,14,70902,66.6764,1458260
TRUE,64,128,131072,1,14,63644,134.778,2861180
TRUE,16,64,65536,4,7,77548,70.295,1989140
TRUE,16,32,32768,2,8,73847,64.4624,1468150
TRUE,64,32,65536,1,14,64056,77.7552,1661370
TRUE,32,128,131072,4,5,74373,121.441,3101220
TRUE,16,64,16384,3,9,81354,55.2388,1126790
TRUE,16,128,131072,1,9,71016,139.863,3144410
TRUE,16,32,131072,2,10,73942,134.93,3154290
TRUE,64,32,32768,4,11,72168,61.3148,1294760
TRUE,16,32,131072,3,10,77154,128.989,3154290
TRUE,64,64,131072,1,16,63805,135.041,2905720
TRUE,32,64,65536,4,9,74583,69.8483,1836080
TRUE,16,64,16384,2,5,77953,56.6682,1082250
TRUE,64,128,16384,3,9,70306,58.5969,1042170
TRUE,32,32,131072,1,12,66764,136.205,3145000
TRUE,64,128,131072,4,14,71886,120.47,2871060
TRUE,32,64,32768,4,8,74750,61.5419,1337790
TRUE,16,128,131072,1,16,70515,140.653,3144410
TRUE,64,32,131072,4,9,71424,121.116,2871060
TRUE,64,32,16384,4,13,73438,56.2617,1042170
TRUE,64,64,131072,3,6,68591,126.713,2871060
TRUE,16,32,16384,4,5,82901,53.6555,1059980
TRUE,64,128,65536,3,7,68654,72.9693,1671260
TRUE,32,128,32768,4,6,74003,61.5676,1294390
TRUE,16,32,65536,3,6,76574,71.9984,2056710
TRUE,32,128,32768,2,12,68805,66.2936,1338930
TRUE,64,128,16384,4,10,73798,56.3396,1042170
TRUE,32,128,16384,1,10,68159,60.6397,1063330
TRUE,16,64,16384,1,12,75287,58.7846,1116910
TRUE,16,64,131072,3,8,77196,128.77,3154290
TRUE,16,64,16384,4,14,82742,54.7893,1149060
TRUE,16,128,16384,1,8,77373,56.9855,1072370
TRUE,64,64,32768,2,14,67670,65.5322,1339300
TRUE,64,64,131072,2,14,66946,129.327,2871060
TRUE,64,128,16384,4,9,73664,56.3938,1042170
TRUE,64,32,65536,3,15,68896,72.7491,1671260
TRUE,32,64,32768,2,4,68698,65.801,1294390
TRUE,64,64,16384,1,16,65433,61.9123,1032280
TRUE,64,64,131072,1,15,64286,136.583,2861180
TRUE,64,128,32768,1,7,64217,67.6286,1284880
TRUE,32,128,32768,3,7,71181,63.3189,1293630
TRUE,32,32,131072,1,16,66198,137.254,3145000
TRUE,32,64,131072,1,16,66016,135.999,3135880
TRUE,16,128,16384,3,4,82098,54.2613,1082250
TRUE,64,128,16384,4,4,73273,56.6602,1042170
TRUE,32,128,16384,1,9,67534,61.0879,1063330
TRUE,32,32,16384,3,5,72302,57.4366,1072450
TRUE,64,128,16384,3,13,70076,58.4349,1042170
TRUE,64,32,32768,3,8,69374,63.239,1294760
TRUE,64,128,16384,1,10,66038,61.7668,1032280
TRUE,64,32,65536,1,7,63805,77.1787,1661370
TRUE,32,128,65536,1,11,65949,77.3366,1826200
TRUE,32,32,32768,2,7,68476,65.6026,1293630
TRUE,32,128,32768,1,4,66075,67.7677,1284510
TRUE,64,32,16384,4,12,73352,56.5931,1042170
TRUE,16,128,16384,4,12,81489,54.9185,1104520
TRUE,32,64,32768,3,9,70497,63.9644,1294390
TRUE,16,128,65536,1,9,69741,77.789,2046830
TRUE,16,128,65536,2,14,73930,73.7023,2012170
TRUE,64,32,131072,2,13,66616,132.778,2871060
TRUE,64,64,65536,2,7,66961,74.3936,1671260
TRUE,16,64,65536,3,14,76552,72.0043,2056710
TRUE,16,128,16384,2,13,78518,56.327,1082250
TRUE,64,128,16384,3,4,70082,58.7626,1042170
TRUE,32,64,65536,1,8,66220,76.5598,1781660
TRUE,16,32,16384,1,7,75505,58.1344,1072370
TRUE,64,64,65536,4,6,71895,70.5197,1671260
TRUE,16,128,16384,2,9,78934,56.6059,1126790
TRUE,16,128,65536,4,4,77012,71.1866,2033670
TRUE,16,64,65536,3,4,76543,71.9929,2056710
TRUE,64,128,65536,1,7,64261,77.5675,1661370
TRUE,16,64,32768,4,16,77700,60.9052,1400570
TRUE,64,64,32768,3,12,68823,63.6533,1294760
TRUE,16,128,131072,4,6,77945,127.078,3131260
TRUE,16,32,32768,2,5,74484,63.9881,1468150
TRUE,32,64,131072,2,11,68824,132.592,3145000
TRUE,32,64,16384,3,9,72717,57.7338,1116990
TRUE,32,32,131072,4,13,73947,122.003,3101220
TRUE,64,64,32768,3,15,68525,63.8757,1294760
TRUE,64,64,131072,2,8,67438,131.347,2871060
TRUE,16,128,32768,4,8,76934,61.4007,1400950
TRUE,16,64,131072,1,5,70261,141.257,3144410
TRUE,32,64,16384,4,11,76819,54.7493,1072450
TRUE,64,64,32768,2,10,67027,65.4857,1294760
TRUE,32,128,65536,4,12,74654,69.4766,1790390
TRUE,64,64,32768,4,16,71826,61.1453,1294760
TRUE,64,128,65536,1,11,64412,77.4102,1661370
TRUE,32,64,65536,3,16,70537,72.2253,1791540
TRUE,16,128,131072,3,12,76732,129.099,3109760
TRUE,16,64,131072,2,13,74491,134.196,3154290
TRUE,32,128,32768,1,12,66063,68.3444,1329050
TRUE,32,32,131072,4,15,74344,123.318,3100070
TRUE,32,32,65536,4,15,73369,70.2333,1791540
TRUE,64,32,16384,3,6,70288,58.5823,1042170
TRUE,16,64,65536,2,13,73391,74.7126,2056710
TRUE,16,32,65536,2,14,74019,74.1623,2056710
TRUE,64,64,65536,2,12,66868,75.2889,1671260
TRUE,64,128,65536,2,6,66592,75.5322,1671260
TRUE,32,128,32768,1,14,65556,68.5944,1338170
TRUE,64,128,16384,4,14,74054,55.8807,1042170
TRUE,64,64,131072,2,9,67050,132.02,2871060
TRUE,16,64,131072,4,16,77067,127.993,3131260
TRUE,16,32,16384,3,7,81691,55.0293,1126790
TRUE,16,64,131072,1,11,70601,140.649,3144410
TRUE,16,128,65536,4,16,76998,71.2871,2034060
TRUE,64,32,131072,1,7,64081,137.019,2861180
TRUE,64,128,32768,4,12,71953,61.4547,1294760
TRUE,64,64,32768,1,14,64585,67.3074,1284880
TRUE,64,128,32768,3,11,69086,63.4539,1294760
TRUE,64,64,16384,3,9,70214,58.6106,1042170
TRUE,64,64,32768,3,14,68559,63.8569,1294760
TRUE,32,64,65536,2,7,68487,74.6226,1790780
TRUE,32,32,65536,4,7,74000,69.7472,1791540
TRUE,64,32,16384,2,15,67910,60.6017,1042170
TRUE,64,128,32768,2,6,66868,65.7525,1339300
TRUE,32,32,65536,3,4,71061,72.0351,1790780
TRUE,64,128,65536,4,9,72383,70.1393,1671260
TRUE,32,64,16384,4,13,76412,54.9953,1072450
TRUE,32,64,131072,4,8,74553,123.109,3100070
TRUE,32,64,65536,4,15,74075,69.933,1790390
TRUE,32,32,131072,2,9,68685,131.517,3145760
TRUE,64,32,32768,2,13,66800,65.7875,1339300
TRUE,32,32,65536,3,6,70547,72.2137,1791540
TRUE,64,64,131072,1,11,63644,134.746,2861180
TRUE,16,128,32768,4,5,76348,62.3064,1445110
TRUE,32,64,16384,3,7,71829,58.3073,1116990
TRUE,64,64,131072,4,11,72386,122.435,2871060
TRUE,64,32,131072,4,11,72229,122.683,2871060
TRUE,32,32,131072,3,9,71609,126.537,3145000
TRUE,32,128,131072,2,15,68654,131.081,3101220
TRUE,32,128,131072,3,16,70512,125.513,3101220
TRUE,64,32,131072,2,12,67274,131.651,2871060
TRUE,64,64,32768,4,15,71685,61.6409,1294760
TRUE,32,32,65536,3,14,70479,72.2606,1791540
TRUE,16,64,32768,3,14,76150,62.2199,1423610
TRUE,32,32,32768,3,6,71354,63.1802,1293630
TRUE,16,32,16384,4,8,83660,53.7772,1104520
TRUE,64,64,16384,4,9,73897,56.2537,1042170
TRUE,64,32,131072,2,6,67222,131.721,2871060
TRUE,16,32,16384,4,15,83305,53.9613,1104520
TRUE,64,64,16384,1,15,66548,61.4395,1032280
TRUE,32,32,131072,1,6,66322,136.964,3145000
TRUE,32,128,16384,1,8,67789,60.8925,1063330
TRUE,32,32,131072,4,16,74780,122.612,3100070
TRUE,16,128,32768,3,5,76215,62.7169,1468150
TRUE,64,128,16384,1,11,64859,62.3818,1032280
TRUE,64,64,65536,1,5,64368,77.4386,1661370
TRUE,32,64,16384,1,5,67628,61.541,1107870
TRUE,64,32,32768,4,16,72048,61.3924,1294760
TRUE,16,64,16384,2,16,77552,56.8949,1082250
TRUE,16,32,65536,2,8,73448,74.6442,2056710
TRUE,64,128,16384,3,14,70219,58.6428,1042170
TRUE,16,64,32768,4,12,76545,62.1617,1445490
TRUE,64,64,131072,4,12,72552,122.154,2871060
TRUE,16,32,65536,1,10,71351,76.4113,2046830
TRUE,32,128,32768,1,10,65568,68.7141,1329050
TRUE,32,32,131072,2,10,68619,132.822,3145000
TRUE,64,64,32768,4,12,72718,60.9322,1294760
TRUE,32,32,32768,3,8,70652,63.8409,1294390
TRUE,16,64,131072,2,9,74474,134.23,3154290
TRUE,16,128,32768,2,5,73253,64.3132,1423610
TRUE,16,32,16384,1,10,74280,59.4427,1116910
TRUE,32,64,65536,2,4,69004,74.6928,1835320
TRUE,64,128,32768,3,8,68292,64.0544,1294760
TRUE,16,64,65536,3,12,76421,72.0615,2056710
TRUE,32,128,65536,1,14,65934,76.8651,1781660
TRUE,64,64,32768,3,8,68724,63.7233,1294760
TRUE,32,32,16384,3,8,71949,57.6549,1072450
TRUE,32,128,16384,1,4,68201,60.9829,1116990
TRUE,16,32,32768,3,9,77582,61.8785,1468150
TRUE,64,128,131072,2,7,66800,130.143,2915600
TRUE,16,128,131072,2,12,73303,135.893,3154290
TRUE,32,32,16384,1,14,67614,61.5806,1107870
TRUE,64,128,16384,1,14,64882,62.6895,1032280
TRUE,16,32,32768,3,12,76413,62.6312,1468150
TRUE,64,32,65536,3,5,68652,72.1679,1671260
TRUE,64,128,65536,3,6,69271,72.4355,1671260
TRUE,32,32,32768,1,8,66015,68.3421,1329050
TRUE,64,128,16384,3,16,70408,58.5006,1042170
TRUE,16,32,65536,3,7,76593,71.4453,2012170
TRUE,64,64,16384,3,11,70259,58.3314,1042170
TRUE,32,32,65536,1,6,66491,76.8431,1826200
TRUE,32,32,131072,2,16,68995,131.018,3145760
TRUE,16,64,16384,1,4,75214,58.8463,1116910
TRUE,16,128,32768,1,11,70669,66.8492,1458260
TRUE,64,128,131072,3,8,68585,126.694,2871060
TRUE,64,128,131072,1,10,64070,136.977,2861180
TRUE,32,64,131072,3,12,71079,124.657,3101220
TRUE,16,32,32768,3,6,76256,62.724,1468150
TRUE,64,128,131072,3,15,68728,126.511,2871060
TRUE,64,128,32768,4,15,72110,61.3424,1294760
TRUE,16,32,16384,1,8,75289,58.8147,1116910
TRUE,16,64,65536,1,13,70854,76.8921,2046830
TRUE,64,64,65536,1,15,64527,77.3021,1661370
TRUE,32,128,131072,4,14,74729,123.439,3144610
TRUE,16,64,16384,4,6,83484,53.8608,1104520
TRUE,16,64,65536,2,8,74503,73.7687,2056710
TRUE,16,32,32768,3,11,76610,62.4776,1468150
TRUE,32,64,131072,1,10,65862,137.905,3145000
TRUE,16,64,131072,4,14,76569,128.674,3131260
TRUE,64,32,65536,2,6,67212,74.9673,1671260
TRUE,32,128,65536,4,6,74901,69.3128,1790390
TRUE,64,32,16384,1,6,65443,62.28,1032280
TRUE,32,128,32768,1,6,66783,67.0474,1293630
TRUE,32,64,65536,1,16,66531,76.8214,1826200
TRUE,64,128,131072,2,4,66980,129.244,2871060
TRUE,64,64,16384,4,15,73546,56.1731,1042170
TRUE,32,64,16384,1,14,66647,61.6113,1072450
TRUE,32,32,131072,3,10,71520,126.128,3100460
TRUE,16,32,65536,3,16,77920,70.9982,2056710
TRUE,64,32,16384,4,16,73698,56.3836,1042170
TRUE,64,64,65536,4,12,71704,70.664,1671260
TRUE,16,32,65536,4,4,77027,71.2177,2033670
TRUE,64,128,131072,3,9,68300,124.329,2871060
TRUE,32,32,32768,2,8,68573,65.5175,1293630
TRUE,16,32,32768,3,14,76594,61.9906,1423610
TRUE,16,32,131072,1,11,70779,140.434,3144410
TRUE,16,32,16384,2,6,79051,56.5147,1126790
TRUE,32,128,16384,4,16,76413,54.9988,1072450
TRUE,64,128,131072,3,5,68335,124.218,2871060
TRUE,64,64,16384,1,7,65675,62.0576,1032280
TRUE,64,32,16384,3,7,70468,58.1595,1042170
TRUE,32,64,16384,1,16,67237,61.8298,1107870
TRUE,64,32,16384,4,9,74050,56.1665,1042170
TRUE,16,128,32768,1,8,70267,67.1411,1458260
TRUE,16,128,65536,3,8,75779,72.5325,2056710
TRUE,32,128,65536,3,11,70547,72.7841,1836080
TRUE,32,128,16384,4,5,75626,55.9854,1116990
TRUE,32,64,65536,4,13,74634,70.0531,1834930
TRUE,16,128,32768,2,11,74484,64.0384,1468150
TRUE,32,32,65536,3,5,71081,71.8229,1791540
TRUE,64,32,65536,4,7,72474,69.3215,1671260
TRUE,64,32,65536,1,15,64212,77.5981,1661370
TRUE,32,32,16384,4,8,75245,56.3845,1117760
TRUE,16,64,65536,4,11,77374,71.0327,2034060
TRUE,64,128,32768,4,8,71497,61.3796,1294760
TRUE,64,32,16384,2,6,68639,60.045,1042170
TRUE,64,128,65536,1,9,63812,77.1664,1661370
TRUE,16,128,32768,1,4,70326,67.1402,1458260
TRUE,64,128,32768,3,6,68606,63.8137,1294760
TRUE,64,64,131072,3,10,68728,126.495,2871060
TRUE,16,64,65536,2,16,73781,74.3129,2056710
TRUE,16,32,65536,3,5,76604,71.9792,2056710
TRUE,32,64,131072,3,7,70740,125.044,3101220
TRUE,32,32,131072,4,7,73755,122.171,3101220
TRUE,64,64,32768,2,13,66539,65.9024,1294760
TRUE,64,64,131072,3,15,68666,123.775,2871060
TRUE,16,64,65536,4,8,78135,70.4788,2033670
TRUE,32,128,131072,1,10,66413,136.847,3145000
TRUE,64,32,16384,1,4,65024,63.1319,1076820
TRUE,64,32,32768,4,8,71880,61.4991,1294760
TRUE,16,32,131072,4,5,77570,126.813,3086720
TRUE,16,64,32768,2,14,73677,64.5707,1468150
TRUE,32,128,32768,4,13,73953,61.6335,1294390
TRUE,32,64,16384,4,4,76726,55.5227,1117760
TRUE,16,64,131072,3,14,76030,130.68,3154290
TRUE,64,32,65536,3,10,69111,72.5709,1671260
TRUE,64,64,65536,4,7,71886,69.7882,1671260
TRUE,16,128,32768,1,16,71547,66.1566,1458260
TRUE,64,32,16384,3,12,70569,58.4079,1042170
TRUE,16,32,65536,3,4,76398,72.1207,2056710
TRUE,16,32,32768,2,4,73896,64.4667,1468150
TRUE,16,32,131072,2,15,73624,135.507,3154290
TRUE,16,64,16384,3,8,82516,54.6135,1126790
TRUE,64,64,32768,2,9,66850,65.6274,1294760
TRUE,16,128,131072,3,8,76216,129.644,3109760
TRUE,32,32,16384,2,12,70570,59.0982,1073220
TRUE,16,128,65536,1,8,71881,75.5343,2012170
TRUE,32,64,32768,3,5,71248,63.7998,1338170
TRUE,16,32,16384,3,15,83898,53.9019,1126790
TRUE,16,32,32768,3,4,76251,62.7064,1468150
TRUE,32,64,65536,2,12,68379,74.7094,1790780
TRUE,64,128,32768,4,7,71613,61.6903,1294760
TRUE,32,32,32768,1,9,65888,68.4606,1329050
TRUE,32,64,32768,1,16,66495,67.2647,1293630
TRUE,64,64,131072,3,9,68664,126.597,2871060
TRUE,32,128,131072,4,12,74062,121.727,3101220
TRUE,64,64,16384,2,6,68842,59.6026,1042170
TRUE,16,64,131072,2,5,73910,135.085,3154290
TRUE,32,128,131072,2,6,68726,131.601,3145760
TRUE,32,32,16384,3,4,71607,58.6497,1117760
TRUE,64,64,16384,4,5,73983,56.2185,1042170
TRUE,32,32,32768,3,4,71318,63.9131,1338930
TRUE,32,128,131072,2,11,69010,131.152,3145760
TRUE,32,32,16384,1,13,68585,60.7248,1116990
TRUE,32,64,16384,2,5,70459,59.3633,1116990
TRUE,32,64,131072,2,16,68791,131.447,3145760
TRUE,16,128,32768,4,15,78107,61.216,1445490
TRUE,32,64,32768,3,6,70708,63.8133,1294390
TRUE,64,128,16384,3,11,70167,58.7125,1042170
TRUE,32,128,16384,3,6,73020,57.724,1117760
TRUE,16,128,65536,2,10,73899,74.274,2056710
TRUE,64,64,32768,4,14,72203,61.2794,1294760
TRUE,16,64,65536,3,16,75671,72.5722,2056710
TRUE,32,64,65536,2,5,68825,74.8618,1835320
TRUE,32,32,65536,1,5,65680,77.8147,1835320
TRUE,32,64,16384,3,16,73234,56.8573,1072450
TRUE,16,128,16384,2,11,78870,56.6152,1126790
TRUE,64,64,131072,1,10,64366,136.48,2861180
TRUE,32,128,16384,2,8,70290,58.9305,1072450
TRUE,32,32,131072,1,13,66053,135.34,3091340
TRUE,16,64,16384,1,15,75249,58.7968,1116910
TRUE,16,128,65536,1,12,70717,76.9599,2046830
TRUE,64,64,131072,2,16,66936,132.266,2871060
TRUE,16,128,16384,4,14,82601,54.344,1104520
TRUE,32,128,65536,2,4,68641,74.5721,1791540
TRUE,16,32,65536,4,15,76791,71.4108,2034060
TRUE,16,128,16384,3,16,80106,55.3259,1082250
TRUE,32,128,131072,4,10,74505,121.132,3101220
TRUE,32,32,16384,3,14,72500,57.5189,1073220
TRUE,32,128,16384,4,15,76694,54.9859,1073220
TRUE,16,64,32768,3,12,76604,61.9527,1423610
TRUE,32,128,16384,2,6,69633,60.2996,1117760
TRUE,16,64,131072,2,11,74073,134.709,3154290
TRUE,64,32,131072,3,11,68694,126.558,2871060
TRUE,16,128,65536,4,7,76831,71.3951,2034060
TRUE,64,128,16384,2,7,67872,60.6,1042170
TRUE,64,128,16384,1,7,65332,62.0099,1032280
TRUE,64,128,131072,1,15,64261,136.617,2861180
TRUE,64,32,16384,3,5,70551,58.1033,1042170
TRUE,64,128,65536,3,12,68554,73.0465,1671260
TRUE,32,128,65536,1,6,66400,76.407,1781660
TRUE,32,64,32768,2,5,68263,66.1306,1294390
TRUE,16,128,16384,1,13,75082,58.9419,1116910
TRUE,32,64,32768,4,7,73722,61.7938,1294390
TRUE,16,32,16384,1,5,74140,59.5322,1116910
TRUE,64,64,16384,2,5,68014,60.1781,1042170
TRUE,64,128,65536,4,10,72769,69.8414,1671260
TRUE,64,128,32768,2,14,66889,65.1859,1294760
TRUE,32,32,32768,4,14,74015,62.1515,1338930
TRUE,16,32,131072,2,6,73777,135.307,3154290
TRUE,16,32,65536,2,9,74171,73.4911,2012170
TRUE,16,64,65536,4,12,77179,71.1408,2033670
TRUE,16,64,16384,4,15,84298,53.4369,1104520
TRUE,64,128,65536,4,7,72310,70.181,1671260
TRUE,64,128,32768,2,15,67687,64.9714,1294760
TRUE,16,128,65536,4,12,77160,70.5435,1989140
TRUE,64,128,16384,3,15,70374,58.5343,1042170
TRUE,64,64,131072,4,5,72208,122.706,2871060
TRUE,16,128,16384,4,4,82908,53.615,1059980
TRUE,64,32,131072,1,12,63805,134.483,2861180
TRUE,32,64,32768,3,12,70804,63.5763,1293630
TRUE,32,64,16384,2,11,70920,59.0508,1116990
TRUE,32,64,16384,3,5,71958,57.6673,1072450
TRUE,64,128,131072,3,6,69099,125.883,2871060
TRUE,16,32,32768,2,12,73839,64.4898,1468150
TRUE,32,128,65536,3,6,71676,71.562,1790780
TRUE,16,32,32768,1,13,70515,66.9385,1458260
TRUE,64,32,65536,2,4,67065,75.6553,1715800
TRUE,64,128,16384,1,9,65530,62.1966,1032280
TRUE,64,32,16384,3,10,70284,58.2789,1042170
TRUE,32,32,131072,1,8,65747,137.527,3100460
TRUE,32,32,131072,3,12,70640,127.571,3100460
TRUE,64,64,32768,2,7,67657,64.9954,1294760
TRUE,64,128,32768,1,15,63670,68.1041,1284880
TRUE,16,64,16384,3,13,81437,54.6814,1082250
TRUE,16,32,32768,2,9,74486,63.5255,1423610
TRUE,16,32,131072,3,15,76399,130.004,3154290
TRUE,64,128,16384,2,15,68188,60.3861,1042170
TRUE,16,128,65536,4,9,77194,70.5703,1989140
TRUE,64,128,16384,2,8,68289,60.3097,1042170
TRUE,16,64,65536,3,5,76580,71.9689,2056710
TRUE,64,64,131072,1,13,64079,136.938,2861180
TRUE,64,32,65536,2,16,66946,75.2105,1671260
TRUE,64,64,32768,4,13,71663,61.6533,1294760
TRUE,16,32,32768,2,16,73818,64.4997,1468150
TRUE,32,64,65536,1,12,66279,76.7492,1790780
TRUE,16,128,65536,4,10,77017,71.2165,2033670
TRUE,16,128,16384,4,7,83721,53.7705,1104520
TRUE,32,64,16384,2,12,69621,59.9217,1116990
TRUE,32,128,16384,4,12,76958,55.2351,1116990
TRUE,32,64,131072,4,16,73982,122.473,3145760
TRUE,32,32,131072,1,9,66218,135.504,3135880
TRUE,16,32,16384,3,10,83733,53.4054,1082250
TRUE,32,64,32768,3,15,70776,63.6079,1293630
TRUE,16,64,32768,3,8,76234,62.7885,1468150
TRUE,16,64,65536,4,14,76571,71.5825,2034060
TRUE,64,64,131072,1,4,64973,135.321,2861180
TRUE,64,128,32768,3,5,68429,63.9466,1294760
TRUE,16,32,32768,1,4,70679,66.8303,1458260
TRUE,64,32,16384,4,5,73840,56.2996,1042170
TRUE,64,128,131072,2,6,66853,129.482,2871060
TRUE,16,32,32768,3,7,76799,61.8329,1423610
TRUE,64,32,65536,3,13,68963,71.904,1671260
TRUE,32,128,65536,2,6,68713,74.96,1835320
TRUE,64,128,16384,4,5,73935,56.2448,1042170
TRUE,32,64,65536,3,12,70751,72.2683,1790780
TRUE,64,64,16384,4,8,73393,56.2833,1042170
TRUE,32,64,131072,4,4,74024,121.904,3101220
TRUE,16,32,16384,4,13,82777,54.7808,1149060
TRUE,16,64,131072,3,5,76017,130.522,3154290
TRUE,16,32,16384,4,12,83352,53.9526,1104520
TRUE,32,64,16384,3,15,71878,57.9169,1073220
TRUE,32,128,16384,2,4,71070,59.2978,1117760
TRUE,64,64,65536,4,14,71962,70.4686,1671260
TRUE,32,128,131072,2,9,68808,132.519,3145000
TRUE,32,128,16384,1,7,68173,60.5777,1063330
TRUE,64,64,131072,4,7,71232,124.153,2871060
TRUE,32,64,16384,1,6,68777,60.0096,1072450
TRUE,32,32,131072,3,5,70576,127.728,3100460
TRUE,64,64,16384,3,6,70073,58.7769,1042170
TRUE,64,64,131072,2,12,67614,131.048,2871060
TRUE,32,64,32768,4,13,73829,61.6085,1293250
TRUE,16,128,131072,1,13,70560,140.511,3144410
TRUE,16,128,65536,3,13,76024,72.3565,2056710
TRUE,16,32,131072,4,12,77721,126.913,3086720
TRUE,32,32,32768,3,10,70336,64.0521,1294390
TRUE,32,128,131072,2,7,68623,132.195,3100460
TRUE,32,64,16384,2,7,70304,59.4739,1116990
TRUE,64,32,32768,1,12,64252,67.5884,1284880
TRUE,64,32,65536,2,9,66862,75.2997,1671260
TRUE,16,32,131072,3,6,76221,130.37,3154290
TRUE,32,32,16384,1,6,67967,61.16,1116990
TRUE,64,64,131072,4,14,71955,123.039,2871060
TRUE,16,32,32768,4,15,77162,61.7818,1445110
TRUE,32,128,131072,4,9,73535,122.501,3101220
TRUE,64,32,65536,3,14,68386,73.2054,1671260
TRUE,16,64,131072,1,10,70599,140.388,3144410
TRUE,64,128,32768,1,10,64000,67.8205,1284880
TRUE,32,64,32768,2,7,68651,65.8349,1294390
TRUE,16,64,16384,2,9,79103,56.5318,1126790
TRUE,32,64,32768,3,16,70937,63.6317,1294390
TRUE,16,128,65536,1,5,69884,77.7281,2046830
TRUE,64,64,65536,4,4,71931,69.7452,1671260
TRUE,64,32,16384,2,14,67780,60.9197,1086710
TRUE,64,64,32768,3,10,68317,63.622,1294760
TRUE,32,32,16384,3,15,72997,57,1072450
TRUE,64,64,131072,2,4,67089,131.935,2871060
TRUE,32,64,65536,1,11,66193,76.7602,1790780
TRUE,64,32,131072,3,15,68983,126.068,2871060
TRUE,32,32,32768,1,15,65835,67.8579,1293630
TRUE,16,64,131072,1,12,70723,140.193,3144410
TRUE,32,128,131072,4,11,73704,122.291,3101220
TRUE,64,128,65536,3,8,68639,72.2039,1671260
TRUE,64,32,32768,4,15,72195,61.2928,1294760
TRUE,32,128,16384,4,9,76272,55.2559,1073220
TRUE,16,64,131072,1,16,70992,139.78,3144410
TRUE,16,128,32768,4,9,77217,61.2233,1400570
TRUE,32,128,32768,4,11,73975,62.1564,1338930
TRUE,16,32,32768,1,16,70794,66.7301,1458260
TRUE,32,32,131072,1,10,66466,136.779,3145000
TRUE,16,128,65536,1,13,70226,77.3844,2046830
TRUE,16,64,16384,3,7,81647,55.3184,1149060
TRUE,64,64,65536,4,15,72153,70.3217,1671260
TRUE,16,64,32768,2,6,73758,64.5379,1468150
TRUE,16,128,65536,1,10,70938,76.7388,2046830
TRUE,32,128,32768,3,11,70352,64.6166,1338930
TRUE,64,64,32768,2,8,67118,65.9701,1339300
TRUE,16,128,32768,3,16,75429,63.2613,1468150
TRUE,32,128,131072,1,14,66022,137.407,3145000
TRUE,16,128,16384,4,5,83334,53.9696,1104520
TRUE,32,32,32768,3,5,70547,63.9058,1294390
TRUE,32,128,16384,3,13,72798,57.3064,1073220
TRUE,64,64,32768,3,4,68760,63.6968,1294760
TRUE,16,128,131072,2,7,73706,135.144,3154290
TRUE,64,64,16384,4,10,73574,56.4698,1042170
TRUE,32,128,16384,3,16,72474,57.322,1072450
TRUE,16,64,16384,4,11,82549,54.8954,1149060
TRUE,64,64,16384,4,6,73648,56.1266,1042170
TRUE,16,128,32768,3,15,76439,62.6142,1468150
TRUE,64,64,65536,3,5,68888,72.7716,1671260
TRUE,32,64,65536,1,15,66208,77.3379,1835320
TRUE,32,128,65536,4,15,74234,69.7987,1790390
TRUE,64,128,65536,4,8,72103,70.3631,1671260
TRUE,64,32,65536,1,12,63857,77.7027,1705910
TRUE,16,64,16384,2,4,78610,56.7704,1126790
TRUE,32,32,65536,2,10,68204,75.3935,1835320
TRUE,64,64,65536,3,15,68724,72.912,1671260
TRUE,64,64,16384,2,14,68668,60.2381,1086710
TRUE,16,64,16384,4,16,84244,53.4898,1104520
TRUE,32,64,16384,3,10,71866,58.4841,1117760
TRUE,64,128,65536,4,15,71857,70.5439,1671260
TRUE,16,32,65536,4,6,78384,70.3003,2034060
TRUE,32,64,131072,1,7,66009,137.785,3145000
TRUE,32,64,131072,3,10,71096,126.837,3100460
TRUE,16,32,65536,1,9,70680,76.9957,2046830
TRUE,16,128,32768,2,10,73877,64.4462,1468150
TRUE,64,32,16384,1,7,65966,61.835,1032280
TRUE,16,128,131072,3,5,77045,129.284,3154290
TRUE,64,128,32768,1,16,63814,68.1025,1329420
TRUE,64,64,131072,4,4,72208,122.656,2871060
TRUE,32,64,32768,4,14,73955,62.1897,1338930
TRUE,16,128,65536,2,16,73798,74.3473,2056710
TRUE,64,128,65536,2,7,67050,75.669,1715800
TRUE,64,32,16384,2,12,67929,60.2638,1042170
TRUE,64,64,65536,3,8,68984,72.6861,1671260
TRUE,64,32,32768,4,14,72189,61.2911,1294760
TRUE,64,128,131072,2,13,66510,132.955,2871060
TRUE,64,128,131072,3,7,68376,124.215,2871060
TRUE,64,64,16384,1,10,65492,62.2295,1032280
TRUE,32,64,131072,2,15,68895,131.172,3145760
TRUE,32,128,131072,2,13,68618,132.846,3145000
TRUE,64,32,131072,1,11,64908,135.439,2861180
TRUE,32,128,16384,4,14,76665,55.5716,1117760
TRUE,16,64,32768,2,8,73754,64.5685,1468150
TRUE,64,32,32768,2,16,67232,65.3291,1294760
TRUE,16,128,32768,4,11,76932,61.3692,1400570
TRUE,32,128,131072,1,16,65356,138.772,3145000
TRUE,32,128,131072,1,9,66193,136.782,3100460
TRUE,64,128,16384,2,16,68854,59.8987,1042170
TRUE,64,32,65536,4,14,72056,70.3861,1671260
TRUE,32,64,16384,4,6,75702,55.9537,1116990
TRUE,64,32,32768,3,11,68622,63.7991,1294760
TRUE,64,128,131072,2,9,68196,130.114,2871060
TRUE,64,128,16384,3,7,70230,58.6572,1042170
TRUE,64,128,65536,4,6,72148,70.3295,1671260
TRUE,32,32,65536,3,12,70518,72.2572,1791540
TRUE,64,64,131072,2,11,67500,131.298,2871060
TRUE,16,128,131072,2,5,74989,132.797,3109760
TRUE,32,128,32768,2,8,68814,65.7281,1294390
TRUE,64,64,65536,4,16,72365,70.1583,1671260
TRUE,64,128,32768,4,10,72153,61.3219,1294760
TRUE,16,32,65536,1,11,70329,77.3397,2046830
TRUE,16,128,32768,3,6,76582,61.9628,1423610
TRUE,64,32,65536,4,13,72136,70.336,1671260
TRUE,32,32,32768,4,12,74774,61.5415,1337790
TRUE,32,32,65536,1,13,65883,77.4264,1826200
TRUE,64,64,65536,2,16,66579,75.5711,1671260
TRUE,16,64,131072,1,4,70232,141.132,3144410
TRUE,64,64,16384,2,10,68594,59.7683,1042170
TRUE,16,128,16384,3,7,81275,55.2467,1126790
TRUE,64,32,16384,4,10,73927,56.2463,1042170
TRUE,64,64,65536,4,11,71908,69.7616,1671260
TRUE,32,128,16384,4,11,75637,55.4553,1072450
TRUE,32,128,65536,4,8,74632,70.0566,1834930
TRUE,16,32,131072,4,15,77185,127.935,3131260
TRUE,32,64,32768,3,10,70547,63.9325,1294390
TRUE,32,128,65536,4,16,73953,69.7111,1791540
TRUE,16,128,65536,4,13,77390,70.4314,1989140
TRUE,16,128,131072,4,15,77179,127.429,3086720
TRUE,32,32,32768,4,16,74404,61.8856,1338930
TRUE,32,64,65536,2,16,68598,74.5211,1790780
TRUE,32,128,16384,3,12,72433,57.5669,1073220
TRUE,16,64,65536,1,5,71646,76.183,2046830
TRUE,64,32,65536,1,6,64251,77.571,1661370
TRUE,32,64,131072,2,14,68619,132.83,3145000
TRUE,32,128,32768,2,9,68616,66.4211,1338930
TRUE,64,128,65536,4,14,72243,69.504,1671260
TRUE,16,32,16384,3,5,81826,54.9908,1126790
TRUE,32,32,131072,3,8,70654,127.55,3100460
TRUE,64,128,16384,2,12,67961,60.2238,1042170
TRUE,64,64,32768,3,9,68707,63.7343,1294760
TRUE,32,64,65536,2,11,69491,73.7223,1790780
TRUE,64,32,32768,1,8,65019,66.937,1284880
TRUE,64,64,65536,1,10,64512,77.3071,1661370
TRUE,32,32,32768,4,6,74018,62.1512,1338930
TRUE,16,64,32768,2,4,73577,64.1086,1423610
TRUE,64,128,32768,2,5,67456,65.1534,1294760
TRUE,64,32,16384,2,10,68260,59.9926,1042170
TRUE,32,32,131072,2,8,68868,130.693,3101220
TRUE,32,128,131072,2,8,68811,132.58,3145000
TRUE,64,32,16384,3,4,70083,58.7388,1042170
TRUE,16,64,65536,1,10,69920,77.194,2002290
TRUE,64,64,16384,2,4,68858,60.1345,1086710
TRUE,16,64,16384,1,10,75849,58.4689,1116910
TRUE,64,64,65536,1,7,64321,77.5086,1661370
TRUE,64,32,65536,2,12,66946,74.9736,1715800
TRUE,16,64,32768,3,10,76587,61.9638,1423610
TRUE,16,32,16384,2,5,78605,56.8485,1126790
TRUE,16,64,16384,4,5,82497,54.3964,1104520
TRUE,64,32,131072,2,15,66601,130.501,2915600
TRUE,16,32,131072,4,6,77750,126.73,3086720
TRUE,64,64,32768,3,16,68961,63.5498,1294760
TRUE,16,64,32768,4,8,77179,61.7856,1445110
TRUE,64,64,32768,1,6,63849,68.4914,1329420
TRUE,32,128,65536,3,12,70658,72.3708,1790780
TRUE,32,64,65536,4,7,74665,69.4658,1790390
TRUE,32,64,131072,1,4,66244,135.442,3135880
TRUE,16,64,16384,3,4,82302,54.7274,1126790
TRUE,16,32,131072,2,13,73206,135.633,3109760
TRUE,64,64,65536,1,16,64327,77.4846,1661370
TRUE,32,64,131072,2,13,68823,131.353,3145760
TRUE,64,128,131072,2,11,66727,133.112,2915600
TRUE,32,64,16384,2,13,70152,59.5677,1116990
TRUE,16,128,32768,4,7,76999,61.3353,1400570
TRUE,64,64,131072,4,10,72055,122.885,2871060
TRUE,16,128,131072,4,13,77180,128.065,3131260
TRUE,32,32,65536,4,16,74617,69.4881,1790390
TRUE,16,128,16384,2,12,79745,56.1765,1126790
TRUE,32,64,16384,4,16,76094,55.3323,1073220
TRUE,32,128,16384,1,15,66767,62.195,1107870
TRUE,64,128,16384,1,4,66189,61.6739,1032280
TRUE,16,128,32768,2,7,73901,64.4604,1468150
TRUE,16,64,65536,4,6,76987,71.2594,2034060
TRUE,32,32,16384,2,6,70297,59.4675,1116990
TRUE,16,128,65536,4,11,75931,71.4757,1989520
TRUE,32,64,131072,3,6,71245,126.668,3100460
TRUE,64,128,131072,1,6,64000,137.176,2861180
TRUE,16,128,131072,4,8,77337,127.849,3131260
TRUE,64,128,16384,4,11,73609,56.1378,1042170
TRUE,16,64,32768,4,11,77136,61.8165,1445110
TRUE,32,128,131072,3,14,70551,125.486,3101220
TRUE,16,64,65536,4,10,78148,69.904,1989140
TRUE,16,64,16384,2,8,77313,57.5848,1126790
TRUE,16,128,131072,4,5,76577,128.965,3131260
TRUE,16,64,65536,1,6,71780,75.5316,2002290
TRUE,16,32,32768,2,7,73787,63.9469,1423610
TRUE,64,64,16384,4,12,73886,55.9806,1042170
TRUE,32,128,32768,2,14,69009,65.5555,1294390
TRUE,32,64,65536,3,6,70870,71.9701,1791540
TRUE,16,64,131072,4,7,77432,127.848,3131640
TRUE,32,32,32768,3,12,70554,63.7589,1293630
TRUE,64,32,131072,4,10,71843,123.261,2871060
TRUE,16,64,32768,3,9,76575,62.5081,1468150
TRUE,32,128,131072,3,6,70863,127.175,3100460
TRUE,32,32,131072,4,12,75317,122.074,3100070
TRUE,32,32,16384,4,13,75951,55.2492,1072450
TRUE,32,128,16384,4,10,77627,54.3054,1072450
TRUE,32,64,32768,3,7,70915,63.6659,1294390
TRUE,64,64,65536,2,13,67050,75.1152,1671260
TRUE,16,32,131072,1,8,71478,139.048,3144410
TRUE,64,32,65536,3,4,68632,72.1869,1671260
TRUE,16,64,32768,2,13,73990,64.3882,1468150
TRUE,32,128,65536,3,13,70997,72.0848,1790780
TRUE,64,128,65536,4,16,71178,71.0725,1671260
TRUE,64,64,65536,1,4,64568,77.2587,1661370
TRUE,16,64,32768,3,13,76148,62.7892,1468150
TRUE,16,32,131072,1,12,70177,141.185,3144410
TRUE,64,32,32768,4,6,71606,61.6893,1294760
TRUE,16,32,16384,2,7,77235,57.6059,1126790
TRUE,32,32,32768,4,9,75277,60.6629,1293250
TRUE,16,128,32768,3,14,75799,63.0149,1468150
TRUE,64,32,131072,2,4,67123,132.434,2915600
TRUE,16,32,131072,2,4,73759,135.285,3154290
TRUE,64,64,16384,2,15,68736,59.9779,1042170
TRUE,32,64,16384,4,15,76316,55.1934,1073220
TRUE,32,128,65536,1,10,65965,76.7892,1781660
TRUE,64,128,32768,3,7,68607,63.8104,1294760
TRUE,32,64,32768,2,11,69362,65.4645,1338170
TRUE,32,64,131072,2,9,68171,133.585,3145000
TRUE,16,128,32768,1,15,70965,66.6017,1458260
TRUE,32,64,32768,3,11,70740,64.3096,1338930
TRUE,16,128,131072,1,15,70328,140.444,3099870
TRUE,64,64,16384,4,14,73047,56.5094,1042170
TRUE,32,64,131072,4,7,74158,121.722,3101220
TRUE,32,64,16384,3,14,72757,57.1632,1072450
TRUE,32,64,16384,2,9,69500,59.4619,1072450
TRUE,32,128,32768,1,9,66309,67.9969,1338170
TRUE,16,128,16384,3,15,80846,55.4973,1126790
TRUE,32,32,32768,2,10,68636,65.8785,1294390
TRUE,32,128,131072,1,11,65895,136.118,3135880
TRUE,64,64,32768,3,7,68653,63.3533,1294760
TRUE,32,64,131072,2,5,69296,131.759,3145000
TRUE,32,64,131072,4,10,74585,123.008,3100070
TRUE,64,64,32768,1,8,64085,67.7489,1284880
TRUE,16,64,131072,2,6,73149,136.2,3154290
TRUE,32,128,131072,3,13,70910,127.678,3145000
TRUE,32,128,65536,1,15,66192,77.1263,1826200
TRUE,64,32,16384,2,4,68386,60.242,1042170
TRUE,64,128,65536,2,12,67416,74.5617,1715800
TRUE,16,128,16384,3,13,81120,55.0631,1104520
TRUE,32,32,65536,1,12,65726,77.7705,1835320
TRUE,64,128,65536,1,12,64483,77.3497,1661370
TRUE,32,64,65536,2,8,68799,74.8857,1835320
TRUE,32,128,32768,4,15,74415,61.8733,1338930
TRUE,16,32,131072,1,4,69875,141.868,3144410
TRUE,64,64,16384,4,11,73388,56.5831,1042170
TRUE,64,64,131072,2,5,67065,131.995,2871060
TRUE,32,64,32768,1,4,66334,67.5044,1284510
TRUE,16,64,65536,2,6,73061,74.9413,2056710
TRUE,64,32,16384,1,10,65244,62.4055,1032280
TRUE,32,128,16384,4,8,77115,55.145,1116990
TRUE,64,32,32768,2,14,66558,65.8613,1294760
TRUE,16,128,32768,3,11,75796,63.0297,1468150
TRUE,32,128,32768,2,13,68984,65.7604,1338170
TRUE,16,32,32768,4,4,76408,62.2858,1445490
TRUE,16,32,32768,2,11,74073,64.3148,1468150
TRUE,32,32,131072,4,14,75038,120.404,3101220
TRUE,16,32,32768,3,8,75525,63.2128,1468150
TRUE,64,128,65536,4,13,72074,70.3697,1671260
TRUE,16,128,16384,3,10,81466,55.4413,1149060
TRUE,64,128,32768,3,14,67766,64.4501,1294760
TRUE,16,32,131072,1,7,71269,139.457,3144410
TRUE,32,64,131072,4,11,73969,122.543,3145760
TRUE,16,128,131072,3,10,76216,130.281,3154290
TRUE,64,32,131072,3,14,69302,125.602,2871060
TRUE,64,64,65536,2,8,66844,75.3081,1671260
TRUE,64,128,32768,3,12,68635,63.8049,1294760
TRUE,32,32,32768,3,14,71155,63.8962,1338170
TRUE,16,32,16384,2,13,78944,56.6272,1126790
TRUE,64,32,65536,4,10,72026,70.4207,1671260
TRUE,16,128,16384,2,14,77981,57.1609,1126790
TRUE,64,32,65536,1,9,64356,77.4637,1661370
TRUE,64,32,131072,4,5,72672,122.032,2871060
TRUE,32,128,32768,2,16,68682,65.9991,1338170
TRUE,64,128,32768,4,9,71927,61.0762,1294760
TRUE,32,128,16384,3,15,72269,58.0049,1116990
TRUE,64,128,16384,2,10,68330,60.2643,1042170
TRUE,32,32,65536,1,4,66462,77.0763,1835320
TRUE,64,128,32768,2,10,67071,65.451,1294760
TRUE,32,32,32768,1,14,65880,68.477,1329050
TRUE,64,64,65536,1,9,63862,77.9501,1661370
TRUE,32,32,65536,2,13,68642,74.5344,1791540
TRUE,64,64,16384,1,8,65562,61.8655,1032280
TRUE,64,64,16384,1,14,65708,62.0497,1032280
TRUE,32,64,32768,4,12,74119,61.3775,1293250
TRUE,16,64,65536,2,12,73655,74.4729,2056710
TRUE,16,32,32768,4,14,77179,61.8,1445110
TRUE,32,128,32768,1,11,65987,67.7154,1293630
TRUE,16,128,16384,3,9,81305,54.6722,1082250
TRUE,16,64,16384,1,5,75483,58.6986,1116910
TRUE,32,128,16384,1,13,67221,61.2997,1063330
TRUE,32,64,65536,2,15,68096,75.5687,1836080
TRUE,16,128,131072,3,13,76589,129.68,3154290
TRUE,16,32,32768,4,6,77358,61.6733,1445110
TRUE,16,32,131072,1,5,70845,140.028,3144410
TRUE,64,64,131072,4,15,72051,122.941,2871060
TRUE,16,32,32768,4,8,77017,61.2993,1400570
TRUE,64,128,65536,2,10,66966,74.9573,1715800
TRUE,32,64,16384,1,7,68133,60.5013,1072450
TRUE,32,32,16384,4,11,75168,55.9007,1073220
TRUE,32,32,32768,3,11,70804,63.5895,1293630
TRUE,64,128,32768,1,13,64258,67.5897,1284880
TRUE,32,128,131072,2,14,68630,132.207,3100460
TRUE,16,64,32768,2,11,74015,64.3849,1468150
TRUE,16,64,32768,1,7,70176,67.15,1458260
TRUE,32,128,65536,3,15,70929,71.8991,1791540
TRUE,32,128,16384,2,5,68909,59.8718,1072450
TRUE,64,128,32768,2,11,66915,65.5805,1294760
TRUE,32,64,131072,2,12,69273,131.776,3145000
TRUE,16,32,131072,1,9,70534,140.651,3144410
TRUE,16,32,32768,2,13,73959,63.8791,1423610
TRUE,64,32,65536,2,5,66946,74.979,1715800
TRUE,16,128,16384,1,16,75958,58.3252,1116910
TRUE,32,128,32768,1,15,66480,67.9898,1329050
TRUE,16,32,65536,1,7,70542,77.0746,2046830
TRUE,16,64,32768,4,10,77382,61.0979,1400570
TRUE,64,64,131072,3,5,68779,126.351,2871060
TRUE,64,64,32768,2,4,67064,65.4518,1294760
TRUE,64,128,32768,4,4,72191,61.2869,1294760
TRUE,64,32,32768,1,11,64416,67.4408,1284880
TRUE,64,32,32768,1,4,64113,67.7173,1284880
TRUE,32,64,16384,4,8,77266,54.5033,1072450
TRUE,32,32,131072,4,8,74446,123.148,3100070
TRUE,64,32,65536,2,14,67043,75.1217,1671260
TRUE,64,128,16384,4,12,73688,56.3899,1042170
TRUE,16,64,131072,4,6,77004,128.305,3131260
TRUE,64,128,131072,4,15,71660,123.544,2871060
TRUE,16,32,65536,2,13,75679,72.3299,2012170
TRUE,16,32,65536,2,10,73877,74.2896,2056710
TRUE,16,128,16384,3,14,81675,54.491,1082250
TRUE,16,64,65536,4,15,77561,70.8208,2033670
TRUE,32,128,131072,4,13,74171,121.688,3101220
TRUE,64,64,32768,1,15,64061,67.7541,1284880
TRUE,32,64,16384,4,12,76156,55.8524,1117760
TRUE,32,64,16384,1,4,67018,61.4663,1063330
TRUE,64,128,16384,4,15,74042,56.1775,1042170
TRUE,32,128,32768,3,8,70674,64.3695,1338930
TRUE,32,128,131072,3,12,70547,126.019,3145760
TRUE,16,32,16384,1,15,75496,58.6965,1116910
TRUE,16,128,65536,1,16,70802,76.8889,2046830
TRUE,32,32,16384,3,16,71556,58.4714,1116990
TRUE,64,32,32768,3,14,68316,63.6069,1294760
TRUE,16,64,16384,2,6,79086,56.5033,1126790
TRUE,32,32,131072,2,14,68753,132.603,3145000
TRUE,64,64,16384,1,5,65533,62.1794,1032280
TRUE,16,128,131072,1,4,70740,140.543,3144410
TRUE,16,32,16384,3,16,81217,55.3186,1126790
TRUE,16,64,32768,2,5,74064,64.3329,1468150
TRUE,16,64,16384,2,15,81094,55.4183,1126790
TRUE,16,64,65536,2,15,73779,74.3746,2056710
TRUE,64,32,32768,1,9,64127,67.702,1284880
TRUE,16,128,131072,4,16,77173,128.075,3131260
TRUE,16,32,131072,4,8,76081,129.613,3131260
TRUE,16,32,16384,1,9,75357,58.7542,1116910
TRUE,32,64,16384,2,16,70333,59.8021,1117760
TRUE,64,64,32768,1,13,63818,67.5242,1284880
TRUE,64,128,131072,3,11,68775,126.388,2871060
TRUE,64,64,131072,2,10,66771,132.504,2871060
TRUE,16,32,16384,3,8,81489,55.4405,1149060
TRUE,16,128,16384,1,15,74399,59.3657,1116910
TRUE,32,64,65536,3,13,71594,71.5806,1790780
TRUE,16,64,65536,3,6,76270,72.1952,2056710
TRUE,16,32,65536,4,16,76628,70.9223,1989140
TRUE,64,64,65536,3,11,68716,72.1358,1671260
TRUE,16,64,16384,2,13,78941,56.6061,1126790
TRUE,32,32,32768,3,15,70647,63.7007,1293630
TRUE,16,32,32768,3,5,76605,62.5067,1468150
TRUE,16,64,32768,4,9,77706,61.4347,1445110
TRUE,64,128,131072,1,16,64261,136.675,2861180
TRUE,32,64,131072,1,6,66451,136.861,3145000
TRUE,16,32,32768,4,13,76414,62.2525,1445110
TRUE,64,32,131072,3,10,68470,126.869,2871060
TRUE,32,64,32768,1,12,66244,67.6085,1284510
TRUE,16,128,16384,4,6,81903,54.7106,1104520
TRUE,64,64,16384,1,6,64820,62.4105,1032280
TRUE,64,64,32768,3,6,68711,63.732,1294760
TRUE,32,32,32768,1,7,65888,67.8999,1284510
TRUE,32,128,65536,4,9,75160,69.086,1790390
TRUE,64,32,16384,3,8,70209,58.6493,1042170
TRUE,32,128,16384,3,10,72483,57.3174,1072450
TRUE,64,64,65536,3,6,68852,72.7893,1671260
TRUE,64,32,16384,3,15,70182,58.383,1042170
TRUE,32,64,131072,1,5,66024,137.646,3145000
TRUE,16,128,16384,1,11,75634,58.5897,1116910
TRUE,16,32,16384,2,11,79012,56.5648,1126790
TRUE,64,64,16384,1,11,65746,62.5749,1076820
TRUE,16,32,131072,3,5,76235,130.206,3154290
TRUE,32,64,65536,3,9,70310,72.4088,1791540
TRUE,32,128,16384,3,9,72416,57.9131,1116990
TRUE,32,128,32768,4,7,74284,61.3082,1293250
TRUE,64,32,32768,2,7,66530,65.8813,1294760
TRUE,16,32,16384,1,13,74449,59.2999,1116910
TRUE,16,128,131072,4,4,76412,128.922,3131260
TRUE,32,128,131072,4,7,74781,123.308,3144610
TRUE,16,128,32768,3,9,76390,62.6058,1468150
TRUE,32,128,131072,4,16,74693,122.979,3100070
TRUE,16,32,131072,2,9,73873,134.947,3154290
TRUE,32,32,16384,4,15,76680,55.5466,1117760
TRUE,32,64,65536,1,5,66400,76.9469,1826200
TRUE,64,128,32768,3,15,68711,63.7391,1294760
TRUE,64,32,32768,2,8,66946,65.6904,1339300
TRUE,16,64,16384,3,14,83004,53.813,1082250
TRUE,16,64,131072,3,4,76030,130.052,3109760
TRUE,32,64,16384,3,8,72181,57.7347,1073220
TRUE,32,32,16384,1,4,67915,60.642,1072450
TRUE,64,32,131072,3,6,68540,126.794,2871060
TRUE,64,32,32768,2,6,66946,65.6678,1339300
TRUE,16,32,65536,3,9,76916,71.7049,2056710
TRUE,64,128,65536,2,9,67228,74.9624,1671260
TRUE,16,64,65536,4,13,77583,70.8328,2033670
TRUE,16,32,131072,4,4,76997,127.722,3086720
TRUE,64,128,65536,2,5,67050,75.1219,1671260
TRUE,64,128,16384,1,12,64801,63.3249,1076820
TRUE,32,32,65536,2,15,69103,74.0625,1790780
TRUE,16,32,131072,1,16,70737,140.311,3144410
TRUE,16,64,131072,4,4,77911,127.013,3131260
TRUE,32,32,32768,4,11,74609,61.0907,1293250
TRUE,32,128,16384,1,6,67520,61.6387,1107870
TRUE,32,32,65536,4,11,74347,69.7038,1790390
TRUE,16,32,32768,2,6,74005,64.3716,1468150
TRUE,16,128,16384,4,8,83640,53.796,1104520
TRUE,32,32,131072,2,13,68853,131.208,3145760
TRUE,32,128,65536,3,7,71045,72.3573,1836080
TRUE,32,32,16384,3,6,72288,57.4506,1072450
TRUE,16,128,65536,3,12,76028,72.3735,2056710
TRUE,32,32,32768,1,6,66007,68.2287,1338170
TRUE,16,32,65536,1,8,70752,76.9214,2046830
TRUE,32,128,16384,1,12,67420,61.538,1116990
TRUE,32,64,131072,3,13,70547,125.455,3101220
TRUE,64,128,65536,2,4,66886,75.8194,1715800
TRUE,64,64,32768,1,11,63806,67.54,1284880
TRUE,16,64,32768,1,12,72402,64.9856,1413720
TRUE,64,128,16384,4,16,73779,56.0449,1042170
TRUE,64,64,65536,4,13,72153,70.3247,1671260
TRUE,16,128,16384,4,10,82411,54.4538,1104520
TRUE,16,128,131072,2,10,73874,134.994,3154290
TRUE,64,32,65536,4,8,72189,70.2819,1671260
TRUE,32,32,16384,2,4,69472,59.8479,1073220
TRUE,64,64,131072,2,6,67104,131.923,2871060
TRUE,16,32,65536,1,5,71346,76.3982,2046830
TRUE,32,128,65536,2,7,68753,74.3517,1790780
TRUE,32,32,16384,4,9,76575,55.052,1073220
TRUE,16,32,16384,4,11,84685,52.7567,1059980
TRUE,32,64,32768,3,4,70840,64.0978,1338170
TRUE,64,64,16384,2,16,69296,59.5638,1042170
TRUE,64,128,65536,2,11,67453,75.316,1715800
TRUE,16,32,32768,3,15,76560,62.5083,1468150
TRUE,16,64,32768,3,16,75968,62.3314,1423610
TRUE,32,32,16384,3,11,72437,57.3449,1072450
TRUE,16,128,131072,2,11,73990,135.009,3154290
TRUE,32,32,32768,4,10,74003,62.1427,1338930
TRUE,16,64,16384,4,10,83862,53.6459,1104520
TRUE,16,32,32768,4,11,77363,61.6534,1445110
TRUE,16,64,131072,2,8,73876,134.341,3109760
TRUE,64,128,16384,3,8,69925,58.8669,1042170
TRUE,32,128,65536,2,14,68949,74.1889,1790780
TRUE,32,64,16384,4,7,77179,55.2609,1117760
TRUE,32,32,32768,4,15,73970,61.6339,1294390
TRUE,32,64,16384,2,6,69981,60.0635,1117760
TRUE,64,32,16384,4,6,72909,56.5956,1042170
TRUE,64,32,16384,4,4,73757,56.3448,1042170
TRUE,32,64,65536,3,10,70742,72.2861,1790780
TRUE,32,64,32768,1,8,65877,68.3137,1338170
TRUE,64,32,131072,4,14,71554,123.674,2871060
TRUE,64,128,65536,2,16,67065,75.1059,1671260
TRUE,32,32,16384,1,11,67067,61.8237,1116990
TRUE,16,32,131072,2,8,73833,134.622,3109760
TRUE,32,64,16384,2,10,70403,58.8287,1072450
TRUE,32,32,131072,1,11,65890,136.104,3135880
TRUE,16,32,16384,2,15,78612,56.7897,1126790
TRUE,64,32,65536,4,4,72106,70.3578,1671260
TRUE,64,32,131072,3,7,68506,126.812,2871060
TRUE,64,32,32768,3,7,68601,63.815,1294760
TRUE,16,32,65536,3,11,76160,71.7436,2012170
TRUE,32,32,16384,1,15,67169,61.8958,1107870
TRUE,16,128,65536,3,16,76057,72.3587,2056710
TRUE,32,32,65536,1,9,66480,76.8534,1826200
TRUE,16,32,131072,1,6,70110,141.406,3144410
TRUE,16,32,16384,2,14,78763,56.7111,1126790
TRUE,16,32,131072,3,11,75850,130.774,3154290
TRUE,32,64,65536,4,4,74433,69.6528,1790390
TRUE,16,128,131072,4,9,76998,127.81,3086720
TRUE,16,32,16384,4,7,84493,53.3576,1104520
TRUE,32,64,131072,3,8,70907,125.053,3101220
TRUE,32,64,131072,1,11,67091,135.064,3100460
TRUE,16,64,32768,4,5,78324,61.0567,1445110
TRUE,32,64,65536,2,14,68820,74.9311,1836080
TRUE,16,32,32768,3,10,76583,61.9658,1423610
TRUE,64,64,65536,1,8,64412,77.4164,1661370
TRUE,16,64,65536,2,7,74829,73.0316,2012170
TRUE,32,32,32768,1,10,66373,67.5114,1284510
TRUE,32,128,32768,1,7,65687,68.4791,1338170
TRUE,16,128,65536,1,4,69757,77.7558,2046830
TRUE,32,64,65536,4,12,74941,69.0472,1791540
TRUE,64,128,65536,3,9,68233,73.3254,1671260